solid OpenSCAD_Model
  facet normal -0.6952909492202803 -0.5630355091035831 -0.44672308136118344
    outer loop
      vertex -5.663118960624632 -4.114496766047312 0
      vertex -5.20201377834176 -4.683914244512008 0
      vertex -6.067627457812106 -4.408389392193548 1
    endloop
  endfacet
  facet normal -0.7503353091826778 -0.4872734472274325 -0.44672308136118266
    outer loop
      vertex -5.663118960624632 -4.114496766047312 0
      vertex -6.495190528383289 -3.75 1
      vertex -6.06217782649107 -3.5 0
    endloop
  endfacet
  facet normal -0.7503353091826781 -0.4872734472274314 -0.4467230813611834
    outer loop
      vertex -5.663118960624632 -4.114496766047312 0
      vertex -6.067627457812106 -4.408389392193548 1
      vertex -6.495190528383289 -3.75 1
    endloop
  endfacet
  facet normal -0.5630355091035831 -0.6952909492202803 -0.44672308136118344
    outer loop
      vertex -4.114496766047312 -5.663118960624632 0
      vertex -4.408389392193548 -6.067627457812106 1
      vertex -4.683914244512008 -5.20201377834176 0
    endloop
  endfacet
  facet normal -0.4872734472274325 -0.7503353091826778 -0.44672308136118266
    outer loop
      vertex -4.114496766047312 -5.663118960624632 0
      vertex -3.5 -6.06217782649107 0
      vertex -3.75 -6.495190528383289 1
    endloop
  endfacet
  facet normal -0.4872734472274314 -0.7503353091826781 -0.4467230813611834
    outer loop
      vertex -4.114496766047312 -5.663118960624632 0
      vertex -3.75 -6.495190528383289 1
      vertex -4.408389392193548 -6.067627457812106 1
    endloop
  endfacet
  facet normal -0.69529094922028 -0.563035509103584 -0.4467230813611829
    outer loop
      vertex -6.067627457812106 -4.408389392193548 1
      vertex -5.20201377834176 -4.683914244512008 0
      vertex -5.573586191080457 -5.018479547691436 1
    endloop
  endfacet
  facet normal -0.6326288361192407 -0.6326288361192407 -0.4467230813611828
    outer loop
      vertex -5.573586191080457 -5.018479547691436 1
      vertex -4.683914244512008 -5.20201377834176 0
      vertex -5.018479547691436 -5.573586191080457 1
    endloop
  endfacet
  facet normal -0.563035509103584 -0.69529094922028 -0.4467230813611829
    outer loop
      vertex -4.408389392193548 -6.067627457812106 1
      vertex -5.018479547691436 -5.573586191080457 1
      vertex -4.683914244512008 -5.20201377834176 0
    endloop
  endfacet
  facet normal -0.6326288361192406 -0.6326288361192406 -0.4467230813611829
    outer loop
      vertex -5.573586191080457 -5.018479547691436 1
      vertex -5.20201377834176 -4.683914244512008 0
      vertex -4.683914244512008 -5.20201377834176 0
    endloop
  endfacet
  facet normal -0.8641870613054647 -0.23155822518622537 -0.44672308136118316
    outer loop
      vertex -6.657395614066075 -2.1631189606246317 0
      vertex -7.132923872213651 -2.3176274578121054 1
      vertex -7.336107005503543 -1.5593376811331952 1
    endloop
  endfacet
  facet normal -0.835248528726548 -0.32062187049436713 -0.44672308136118316
    outer loop
      vertex -6.657395614066075 -2.1631189606246317 0
      vertex -6.394818203498206 -2.8471565015306015 0
      vertex -7.132923872213651 -2.3176274578121054 1
    endloop
  endfacet
  facet normal -0.835248528726548 -0.3206218704943665 -0.4467230813611835
    outer loop
      vertex -6.851590932319507 -3.0505248230685016 1
      vertex -7.132923872213651 -2.3176274578121054 1
      vertex -6.394818203498206 -2.8471565015306015 0
    endloop
  endfacet
  facet normal -0.7971588384799112 -0.40617271549493444 -0.44672308136118277
    outer loop
      vertex -6.851590932319507 -3.0505248230685016 1
      vertex -6.06217782649107 -3.5 0
      vertex -6.495190528383289 -3.75 1
    endloop
  endfacet
  facet normal -0.7971588384799113 -0.4061727154949331 -0.44672308136118344
    outer loop
      vertex -6.851590932319507 -3.0505248230685016 1
      vertex -6.394818203498206 -2.8471565015306015 0
      vertex -6.06217782649107 -3.5 0
    endloop
  endfacet
  facet normal -0.8836573795979507 -0.1399575795062666 -0.4467230813611836
    outer loop
      vertex -6.84703320513664 -1.4553818357243153 0
      vertex -7.45891421526205 -0.783963474507401 1
      vertex -6.961653267577913 -0.7316992428735742 0
    endloop
  endfacet
  facet normal -0.8836573795979507 -0.13995757950626725 -0.44672308136118316
    outer loop
      vertex -6.84703320513664 -1.4553818357243153 0
      vertex -7.336107005503543 -1.5593376811331952 1
      vertex -7.45891421526205 -0.783963474507401 1
    endloop
  endfacet
  facet normal -0.8641870613054647 -0.2315582251862254 -0.4467230813611831
    outer loop
      vertex -6.657395614066075 -2.1631189606246317 0
      vertex -7.336107005503543 -1.5593376811331952 1
      vertex -6.84703320513664 -1.4553818357243153 0
    endloop
  endfacet
  facet normal -0.8934461627223661 -0.0468235292972339 -0.44672308136118355
    outer loop
      vertex -6.961653267577913 -0.7316992428735742 0
      vertex -7.45891421526205 -0.783963474507401 1
      vertex -7.5 0 1
    endloop
  endfacet
  facet normal -0.8934461627223662 -0.046823529297234566 -0.4467230813611831
    outer loop
      vertex -6.961653267577913 -0.7316992428735742 0
      vertex -7.5 0 1
      vertex -7 0 0
    endloop
  endfacet
  facet normal 0 0 -1
    outer loop
      vertex -6.657395614066075 -2.1631189606246317 0
      vertex -6.84703320513664 -1.4553818357243153 0
      vertex -6.657395614066075 2.1631189606246317 0
    endloop
  endfacet
  facet normal 0 0 -1
    outer loop
      vertex -6.84703320513664 -1.4553818357243153 0
      vertex -6.961653267577913 -0.7316992428735742 0
      vertex -6.84703320513664 1.4553818357243153 0
    endloop
  endfacet
  facet normal 0 0 -1
    outer loop
      vertex -6.394818203498206 -2.8471565015306015 0
      vertex -6.06217782649107 3.5 0
      vertex -6.06217782649107 -3.5 0
    endloop
  endfacet
  facet normal 0 0 -1
    outer loop
      vertex -5.663118960624632 -4.114496766047312 0
      vertex -6.06217782649107 -3.5 0
      vertex -5.663118960624632 4.114496766047312 0
    endloop
  endfacet
  facet normal 0 0 -1
    outer loop
      vertex -6.657395614066075 -2.1631189606246317 0
      vertex -6.394818203498206 2.8471565015306015 0
      vertex -6.394818203498206 -2.8471565015306015 0
    endloop
  endfacet
  facet normal 0 0 -1
    outer loop
      vertex -4.114496766047312 -5.663118960624632 0
      vertex -3.6 0 0
      vertex -3.580278823325784 -0.37630246776355253 0
    endloop
  endfacet
  facet normal 0 0 -1
    outer loop
      vertex -5.663118960624632 -4.114496766047312 0
      vertex -5.20201377834176 4.683914244512008 0
      vertex -5.20201377834176 -4.683914244512008 0
    endloop
  endfacet
  facet normal 0 0 -1
    outer loop
      vertex -5.20201377834176 -4.683914244512008 0
      vertex -4.683914244512008 5.20201377834176 0
      vertex -4.683914244512008 -5.20201377834176 0
    endloop
  endfacet
  facet normal 0 0 -1
    outer loop
      vertex -4.114496766047312 -5.663118960624632 0
      vertex -4.683914244512008 -5.20201377834176 0
      vertex -4.114496766047312 5.663118960624632 0
    endloop
  endfacet
  facet normal -0.40617271549493444 -0.7971588384799112 -0.44672308136118277
    outer loop
      vertex -3.0505248230685016 -6.851590932319507 1
      vertex -3.75 -6.495190528383289 1
      vertex -3.5 -6.06217782649107 0
    endloop
  endfacet
  facet normal -0.4061727154949331 -0.7971588384799113 -0.44672308136118344
    outer loop
      vertex -3.0505248230685016 -6.851590932319507 1
      vertex -3.5 -6.06217782649107 0
      vertex -2.8471565015306015 -6.394818203498206 0
    endloop
  endfacet
  facet normal -0.32062187049436713 -0.835248528726548 -0.44672308136118316
    outer loop
      vertex -2.8471565015306015 -6.394818203498206 0
      vertex -2.1631189606246317 -6.657395614066075 0
      vertex -2.3176274578121054 -7.132923872213651 1
    endloop
  endfacet
  facet normal -0.3206218704943665 -0.835248528726548 -0.4467230813611835
    outer loop
      vertex -3.0505248230685016 -6.851590932319507 1
      vertex -2.8471565015306015 -6.394818203498206 0
      vertex -2.3176274578121054 -7.132923872213651 1
    endloop
  endfacet
  facet normal -0.23155822518622537 -0.8641870613054647 -0.44672308136118316
    outer loop
      vertex -2.1631189606246317 -6.657395614066075 0
      vertex -1.5593376811331952 -7.336107005503543 1
      vertex -2.3176274578121054 -7.132923872213651 1
    endloop
  endfacet
  facet normal 0 0 -1
    outer loop
      vertex -3.5 -6.06217782649107 0
      vertex -2.6753213717186193 -2.40887018289189 0
      vertex -2.8471565015306015 -6.394818203498206 0
    endloop
  endfacet
  facet normal 0 0 -1
    outer loop
      vertex -4.114496766047312 -5.663118960624632 0
      vertex -3.4238034586625528 -1.1124611797498107 0
      vertex -3.5 -6.06217782649107 0
    endloop
  endfacet
  facet normal 0 0 -1
    outer loop
      vertex -2.8471565015306015 -6.394818203498206 0
      vertex -2.1160269082529033 -2.912461179749811 0
      vertex -2.1631189606246317 -6.657395614066075 0
    endloop
  endfacet
  facet normal 0 0 -1
    outer loop
      vertex -2.8471565015306015 -6.394818203498206 0
      vertex -2.6753213717186193 -2.40887018289189 0
      vertex -2.40887018289189 -2.6753213717186193 0
    endloop
  endfacet
  facet normal 0 0 -1
    outer loop
      vertex -2.8471565015306015 -6.394818203498206 0
      vertex -2.40887018289189 -2.6753213717186193 0
      vertex -2.1160269082529033 -2.912461179749811 0
    endloop
  endfacet
  facet normal 0 0 -1
    outer loop
      vertex -2.1631189606246317 -6.657395614066075 0
      vertex -2.1160269082529033 -2.912461179749811 0
      vertex -1.8 -3.117691453623979 0
    endloop
  endfacet
  facet normal -0.2315582251862254 -0.8641870613054647 -0.4467230813611831
    outer loop
      vertex -2.1631189606246317 -6.657395614066075 0
      vertex -1.4553818357243153 -6.84703320513664 0
      vertex -1.5593376811331952 -7.336107005503543 1
    endloop
  endfacet
  facet normal -0.1399575795062666 -0.8836573795979507 -0.4467230813611836
    outer loop
      vertex -1.4553818357243153 -6.84703320513664 0
      vertex -0.7316992428735742 -6.961653267577913 0
      vertex -0.783963474507401 -7.45891421526205 1
    endloop
  endfacet
  facet normal -0.13995757950626725 -0.8836573795979507 -0.44672308136118316
    outer loop
      vertex -1.4553818357243153 -6.84703320513664 0
      vertex -0.783963474507401 -7.45891421526205 1
      vertex -1.5593376811331952 -7.336107005503543 1
    endloop
  endfacet
  facet normal 0 0 -1
    outer loop
      vertex -2.1631189606246317 -6.657395614066075 0
      vertex -1.1124611797498107 -3.4238034586625528 0
      vertex -1.4553818357243153 -6.84703320513664 0
    endloop
  endfacet
  facet normal -0.0468235292972339 -0.8934461627223661 -0.44672308136118355
    outer loop
      vertex -0.7316992428735742 -6.961653267577913 0
      vertex 0 -7.5 1
      vertex -0.783963474507401 -7.45891421526205 1
    endloop
  endfacet
  facet normal -0.046823529297234566 -0.8934461627223662 -0.4467230813611831
    outer loop
      vertex -0.7316992428735742 -6.961653267577913 0
      vertex 0 -7 0
      vertex 0 -7.5 1
    endloop
  endfacet
  facet normal 0 0 -1
    outer loop
      vertex -1.4553818357243153 -6.84703320513664 0
      vertex -0.37630246776355253 -3.580278823325784 0
      vertex -0.7316992428735742 -6.961653267577913 0
    endloop
  endfacet
  facet normal 0 0 -1
    outer loop
      vertex -0.7316992428735742 -6.961653267577913 0
      vertex -0.37630246776355253 -3.580278823325784 0
      vertex 0 -7 0
    endloop
  endfacet
  facet normal 0 0 -1
    outer loop
      vertex -2.1631189606246317 -6.657395614066075 0
      vertex -1.8 -3.117691453623979 0
      vertex -1.4642519150728808 -3.2887636475133633 0
    endloop
  endfacet
  facet normal 0 0 -1
    outer loop
      vertex -2.1631189606246317 -6.657395614066075 0
      vertex -1.4642519150728808 -3.2887636475133633 0
      vertex -1.1124611797498107 -3.4238034586625528 0
    endloop
  endfacet
  facet normal 0 0 -1
    outer loop
      vertex -1.4553818357243153 -6.84703320513664 0
      vertex -1.1124611797498107 -3.4238034586625528 0
      vertex -0.7484820869439337 -3.5213313626417007 0
    endloop
  endfacet
  facet normal 0 0 -1
    outer loop
      vertex 0 -7 0
      vertex -0.37630246776355253 -3.580278823325784 0
      vertex 0 -3.6 0
    endloop
  endfacet
  facet normal 0 0 -1
    outer loop
      vertex -1.4553818357243153 -6.84703320513664 0
      vertex -0.7484820869439337 -3.5213313626417007 0
      vertex -0.37630246776355253 -3.580278823325784 0
    endloop
  endfacet
  facet normal 0 0 -1
    outer loop
      vertex -3.5 -6.06217782649107 0
      vertex -3.2887636475133633 -1.4642519150728808 0
      vertex -3.117691453623979 -1.8 0
    endloop
  endfacet
  facet normal 0 0 -1
    outer loop
      vertex -3.5 -6.06217782649107 0
      vertex -3.4238034586625528 -1.1124611797498107 0
      vertex -3.2887636475133633 -1.4642519150728808 0
    endloop
  endfacet
  facet normal 0 0 -1
    outer loop
      vertex -3.5 -6.06217782649107 0
      vertex -3.117691453623979 -1.8 0
      vertex -2.912461179749811 -2.1160269082529033 0
    endloop
  endfacet
  facet normal 0 0 -1
    outer loop
      vertex -3.5 -6.06217782649107 0
      vertex -2.912461179749811 -2.1160269082529033 0
      vertex -2.6753213717186193 -2.40887018289189 0
    endloop
  endfacet
  facet normal 0 0 -1
    outer loop
      vertex -4.114496766047312 -5.663118960624632 0
      vertex -3.5213313626417007 -0.7484820869439337 0
      vertex -3.4238034586625528 -1.1124611797498107 0
    endloop
  endfacet
  facet normal 0 0 -1
    outer loop
      vertex -4.114496766047312 -5.663118960624632 0
      vertex -3.580278823325784 -0.37630246776355253 0
      vertex -3.5213313626417007 -0.7484820869439337 0
    endloop
  endfacet
  facet normal -0.8934461627223662 0.046823529297234566 -0.4467230813611831
    outer loop
      vertex -7 0 0
      vertex -7.5 0 1
      vertex -6.961653267577913 0.7316992428735742 0
    endloop
  endfacet
  facet normal -0.8934461627223661 0.0468235292972339 -0.44672308136118355
    outer loop
      vertex -6.961653267577913 0.7316992428735742 0
      vertex -7.5 0 1
      vertex -7.45891421526205 0.783963474507401 1
    endloop
  endfacet
  facet normal 0 0 -1
    outer loop
      vertex -6.961653267577913 -0.7316992428735742 0
      vertex -7 0 0
      vertex -6.961653267577913 0.7316992428735742 0
    endloop
  endfacet
  facet normal 0 0 -1
    outer loop
      vertex -6.961653267577913 -0.7316992428735742 0
      vertex -6.961653267577913 0.7316992428735742 0
      vertex -6.84703320513664 1.4553818357243153 0
    endloop
  endfacet
  facet normal 0 0 -1
    outer loop
      vertex -6.84703320513664 -1.4553818357243153 0
      vertex -6.84703320513664 1.4553818357243153 0
      vertex -6.657395614066075 2.1631189606246317 0
    endloop
  endfacet
  facet normal -0.8836573795979507 0.1399575795062666 -0.44672308136118355
    outer loop
      vertex -6.961653267577913 0.7316992428735742 0
      vertex -7.45891421526205 0.783963474507401 1
      vertex -6.84703320513664 1.4553818357243153 0
    endloop
  endfacet
  facet normal -0.8836573795979507 0.13995757950626725 -0.44672308136118316
    outer loop
      vertex -7.45891421526205 0.783963474507401 1
      vertex -7.336107005503543 1.5593376811331952 1
      vertex -6.84703320513664 1.4553818357243153 0
    endloop
  endfacet
  facet normal 0 0 -1
    outer loop
      vertex -6.657395614066075 -2.1631189606246317 0
      vertex -6.657395614066075 2.1631189606246317 0
      vertex -6.394818203498206 2.8471565015306015 0
    endloop
  endfacet
  facet normal -0.8641870613054647 0.2315582251862254 -0.4467230813611831
    outer loop
      vertex -6.84703320513664 1.4553818357243153 0
      vertex -7.336107005503543 1.5593376811331952 1
      vertex -6.657395614066075 2.1631189606246317 0
    endloop
  endfacet
  facet normal 0 0 -1
    outer loop
      vertex -6.394818203498206 -2.8471565015306015 0
      vertex -6.394818203498206 2.8471565015306015 0
      vertex -6.06217782649107 3.5 0
    endloop
  endfacet
  facet normal 0 0 -1
    outer loop
      vertex -6.06217782649107 -3.5 0
      vertex -6.06217782649107 3.5 0
      vertex -5.663118960624632 4.114496766047312 0
    endloop
  endfacet
  facet normal -0.8641870613054647 0.23155822518622537 -0.44672308136118316
    outer loop
      vertex -7.336107005503543 1.5593376811331952 1
      vertex -7.132923872213651 2.3176274578121054 1
      vertex -6.657395614066075 2.1631189606246317 0
    endloop
  endfacet
  facet normal -0.835248528726548 0.32062187049436713 -0.44672308136118316
    outer loop
      vertex -6.657395614066075 2.1631189606246317 0
      vertex -7.132923872213651 2.3176274578121054 1
      vertex -6.394818203498206 2.8471565015306015 0
    endloop
  endfacet
  facet normal -0.835248528726548 0.3206218704943665 -0.4467230813611835
    outer loop
      vertex -7.132923872213651 2.3176274578121054 1
      vertex -6.851590932319507 3.0505248230685016 1
      vertex -6.394818203498206 2.8471565015306015 0
    endloop
  endfacet
  facet normal -0.7971588384799113 0.4061727154949331 -0.44672308136118344
    outer loop
      vertex -6.851590932319507 3.0505248230685016 1
      vertex -6.06217782649107 3.5 0
      vertex -6.394818203498206 2.8471565015306015 0
    endloop
  endfacet
  facet normal -0.7971588384799112 0.40617271549493444 -0.44672308136118277
    outer loop
      vertex -6.851590932319507 3.0505248230685016 1
      vertex -6.495190528383289 3.75 1
      vertex -6.06217782649107 3.5 0
    endloop
  endfacet
  facet normal 0 0 -1
    outer loop
      vertex -5.663118960624632 -4.114496766047312 0
      vertex -5.663118960624632 4.114496766047312 0
      vertex -5.20201377834176 4.683914244512008 0
    endloop
  endfacet
  facet normal 0 0 -1
    outer loop
      vertex -5.20201377834176 -4.683914244512008 0
      vertex -5.20201377834176 4.683914244512008 0
      vertex -4.683914244512008 5.20201377834176 0
    endloop
  endfacet
  facet normal 0 0 -1
    outer loop
      vertex -4.683914244512008 -5.20201377834176 0
      vertex -4.683914244512008 5.20201377834176 0
      vertex -4.114496766047312 5.663118960624632 0
    endloop
  endfacet
  facet normal 0 0 -1
    outer loop
      vertex -4.114496766047312 -5.663118960624632 0
      vertex -4.114496766047312 5.663118960624632 0
      vertex -3.5 6.06217782649107 0
    endloop
  endfacet
  facet normal -0.7503353091826778 0.4872734472274325 -0.44672308136118277
    outer loop
      vertex -6.06217782649107 3.5 0
      vertex -6.495190528383289 3.75 1
      vertex -5.663118960624632 4.114496766047312 0
    endloop
  endfacet
  facet normal -0.7503353091826781 0.4872734472274314 -0.4467230813611834
    outer loop
      vertex -5.663118960624632 4.114496766047312 0
      vertex -6.495190528383289 3.75 1
      vertex -6.067627457812106 4.408389392193548 1
    endloop
  endfacet
  facet normal -0.6952909492202803 0.5630355091035831 -0.44672308136118344
    outer loop
      vertex -5.663118960624632 4.114496766047312 0
      vertex -6.067627457812106 4.408389392193548 1
      vertex -5.20201377834176 4.683914244512008 0
    endloop
  endfacet
  facet normal -0.69529094922028 0.563035509103584 -0.4467230813611829
    outer loop
      vertex -6.067627457812106 4.408389392193548 1
      vertex -5.573586191080457 5.018479547691436 1
      vertex -5.20201377834176 4.683914244512008 0
    endloop
  endfacet
  facet normal -0.6326288361192407 0.6326288361192407 -0.4467230813611829
    outer loop
      vertex -5.20201377834176 4.683914244512008 0
      vertex -5.573586191080457 5.018479547691436 1
      vertex -4.683914244512008 5.20201377834176 0
    endloop
  endfacet
  facet normal -0.6326288361192407 0.6326288361192407 -0.4467230813611828
    outer loop
      vertex -5.573586191080457 5.018479547691436 1
      vertex -5.018479547691436 5.573586191080457 1
      vertex -4.683914244512008 5.20201377834176 0
    endloop
  endfacet
  facet normal -0.563035509103584 0.69529094922028 -0.4467230813611829
    outer loop
      vertex -5.018479547691436 5.573586191080457 1
      vertex -4.408389392193548 6.067627457812106 1
      vertex -4.683914244512008 5.20201377834176 0
    endloop
  endfacet
  facet normal -0.5630355091035831 0.6952909492202803 -0.44672308136118344
    outer loop
      vertex -4.683914244512008 5.20201377834176 0
      vertex -4.408389392193548 6.067627457812106 1
      vertex -4.114496766047312 5.663118960624632 0
    endloop
  endfacet
  facet normal -0.4872734472274325 0.7503353091826778 -0.44672308136118266
    outer loop
      vertex -4.114496766047312 5.663118960624632 0
      vertex -3.75 6.495190528383289 1
      vertex -3.5 6.06217782649107 0
    endloop
  endfacet
  facet normal -0.4872734472274314 0.7503353091826781 -0.4467230813611834
    outer loop
      vertex -4.114496766047312 5.663118960624632 0
      vertex -4.408389392193548 6.067627457812106 1
      vertex -3.75 6.495190528383289 1
    endloop
  endfacet
  facet normal 0 0 -1
    outer loop
      vertex -4.114496766047312 -5.663118960624632 0
      vertex -3.5 6.06217782649107 0
      vertex -3.6 0 0
    endloop
  endfacet
  facet normal 0 0 -1
    outer loop
      vertex -3.5 6.06217782649107 0
      vertex -3.580278823325784 0.37630246776355253 0
      vertex -3.6 0 0
    endloop
  endfacet
  facet normal 0 0 -1
    outer loop
      vertex -3.5 6.06217782649107 0
      vertex -3.5213313626417007 0.7484820869439337 0
      vertex -3.580278823325784 0.37630246776355253 0
    endloop
  endfacet
  facet normal 0 0 -1
    outer loop
      vertex -3.5 6.06217782649107 0
      vertex -3.4238034586625528 1.1124611797498107 0
      vertex -3.5213313626417007 0.7484820869439337 0
    endloop
  endfacet
  facet normal 0 0 -1
    outer loop
      vertex -3.5 6.06217782649107 0
      vertex -3.2887636475133633 1.4642519150728808 0
      vertex -3.4238034586625528 1.1124611797498107 0
    endloop
  endfacet
  facet normal 0 0 -1
    outer loop
      vertex -3.5 6.06217782649107 0
      vertex -3.117691453623979 1.8 0
      vertex -3.2887636475133633 1.4642519150728808 0
    endloop
  endfacet
  facet normal 0 0 -1
    outer loop
      vertex -2.8471565015306015 6.394818203498206 0
      vertex -2.912461179749811 2.1160269082529033 0
      vertex -3.117691453623979 1.8 0
    endloop
  endfacet
  facet normal 0 0 -1
    outer loop
      vertex -2.8471565015306015 6.394818203498206 0
      vertex -2.6753213717186193 2.40887018289189 0
      vertex -2.912461179749811 2.1160269082529033 0
    endloop
  endfacet
  facet normal 0 0 -1
    outer loop
      vertex -3.5 6.06217782649107 0
      vertex -2.8471565015306015 6.394818203498206 0
      vertex -3.117691453623979 1.8 0
    endloop
  endfacet
  facet normal 0 0 -1
    outer loop
      vertex -2.8471565015306015 6.394818203498206 0
      vertex -2.40887018289189 2.6753213717186193 0
      vertex -2.6753213717186193 2.40887018289189 0
    endloop
  endfacet
  facet normal 0 0 -1
    outer loop
      vertex -2.1631189606246317 6.657395614066075 0
      vertex -2.1160269082529033 2.912461179749811 0
      vertex -2.40887018289189 2.6753213717186193 0
    endloop
  endfacet
  facet normal 0 0 -1
    outer loop
      vertex -2.1631189606246317 6.657395614066075 0
      vertex -1.8 3.117691453623979 0
      vertex -2.1160269082529033 2.912461179749811 0
    endloop
  endfacet
  facet normal 0 0 -1
    outer loop
      vertex -2.8471565015306015 6.394818203498206 0
      vertex -2.1631189606246317 6.657395614066075 0
      vertex -2.40887018289189 2.6753213717186193 0
    endloop
  endfacet
  facet normal -0.40617271549493444 0.7971588384799112 -0.4467230813611827
    outer loop
      vertex -3.5 6.06217782649107 0
      vertex -3.75 6.495190528383289 1
      vertex -3.0505248230685016 6.851590932319507 1
    endloop
  endfacet
  facet normal -0.40617271549493317 0.7971588384799114 -0.4467230813611834
    outer loop
      vertex -3.5 6.06217782649107 0
      vertex -3.0505248230685016 6.851590932319507 1
      vertex -2.8471565015306015 6.394818203498206 0
    endloop
  endfacet
  facet normal -0.32062187049436713 0.835248528726548 -0.44672308136118316
    outer loop
      vertex -2.8471565015306015 6.394818203498206 0
      vertex -2.3176274578121054 7.132923872213651 1
      vertex -2.1631189606246317 6.657395614066075 0
    endloop
  endfacet
  facet normal -0.3206218704943665 0.835248528726548 -0.4467230813611835
    outer loop
      vertex -2.8471565015306015 6.394818203498206 0
      vertex -3.0505248230685016 6.851590932319507 1
      vertex -2.3176274578121054 7.132923872213651 1
    endloop
  endfacet
  facet normal -0.23155822518622537 0.8641870613054647 -0.44672308136118316
    outer loop
      vertex -2.1631189606246317 6.657395614066075 0
      vertex -2.3176274578121054 7.132923872213651 1
      vertex -1.5593376811331952 7.336107005503543 1
    endloop
  endfacet
  facet normal 0 0 -1
    outer loop
      vertex -1.4553818357243153 6.84703320513664 0
      vertex -1.4642519150728808 3.2887636475133633 0
      vertex -1.8 3.117691453623979 0
    endloop
  endfacet
  facet normal 0 0 -1
    outer loop
      vertex -1.4553818357243153 6.84703320513664 0
      vertex -1.1124611797498107 3.4238034586625528 0
      vertex -1.4642519150728808 3.2887636475133633 0
    endloop
  endfacet
  facet normal 0 0 -1
    outer loop
      vertex -2.1631189606246317 6.657395614066075 0
      vertex -1.4553818357243153 6.84703320513664 0
      vertex -1.8 3.117691453623979 0
    endloop
  endfacet
  facet normal 0 0 -1
    outer loop
      vertex -0.7316992428735742 6.961653267577913 0
      vertex -0.7484820869439337 3.5213313626417007 0
      vertex -1.1124611797498107 3.4238034586625528 0
    endloop
  endfacet
  facet normal 0 0 -1
    outer loop
      vertex -0.7316992428735742 6.961653267577913 0
      vertex -0.37630246776355253 3.580278823325784 0
      vertex -0.7484820869439337 3.5213313626417007 0
    endloop
  endfacet
  facet normal 0 0 -1
    outer loop
      vertex 0 7 0
      vertex 0 3.6 0
      vertex -0.37630246776355253 3.580278823325784 0
    endloop
  endfacet
  facet normal 0 0 -1
    outer loop
      vertex -1.4553818357243153 6.84703320513664 0
      vertex -0.7316992428735742 6.961653267577913 0
      vertex -1.1124611797498107 3.4238034586625528 0
    endloop
  endfacet
  facet normal -0.2315582251862254 0.8641870613054647 -0.4467230813611831
    outer loop
      vertex -2.1631189606246317 6.657395614066075 0
      vertex -1.5593376811331952 7.336107005503543 1
      vertex -1.4553818357243153 6.84703320513664 0
    endloop
  endfacet
  facet normal -0.1399575795062666 0.8836573795979507 -0.4467230813611836
    outer loop
      vertex -1.4553818357243153 6.84703320513664 0
      vertex -0.783963474507401 7.45891421526205 1
      vertex -0.7316992428735742 6.961653267577913 0
    endloop
  endfacet
  facet normal -0.13995757950626725 0.8836573795979507 -0.44672308136118316
    outer loop
      vertex -1.4553818357243153 6.84703320513664 0
      vertex -1.5593376811331952 7.336107005503543 1
      vertex -0.783963474507401 7.45891421526205 1
    endloop
  endfacet
  facet normal 0 0 -1
    outer loop
      vertex -0.7316992428735742 6.961653267577913 0
      vertex 0 7 0
      vertex -0.37630246776355253 3.580278823325784 0
    endloop
  endfacet
  facet normal -0.0468235292972339 0.8934461627223661 -0.44672308136118355
    outer loop
      vertex -0.7316992428735742 6.961653267577913 0
      vertex -0.783963474507401 7.45891421526205 1
      vertex 0 7.5 1
    endloop
  endfacet
  facet normal -0.046823529297234566 0.8934461627223662 -0.4467230813611831
    outer loop
      vertex -0.7316992428735742 6.961653267577913 0
      vertex 0 7.5 1
      vertex 0 7 0
    endloop
  endfacet
  facet normal 0.046823529297234566 -0.8934461627223662 -0.4467230813611831
    outer loop
      vertex 0 -7 0
      vertex 0.7316992428735742 -6.961653267577913 0
      vertex 0 -7.5 1
    endloop
  endfacet
  facet normal 0.0468235292972339 -0.8934461627223661 -0.44672308136118355
    outer loop
      vertex 0.7316992428735742 -6.961653267577913 0
      vertex 0.783963474507401 -7.45891421526205 1
      vertex 0 -7.5 1
    endloop
  endfacet
  facet normal 0 0 -1
    outer loop
      vertex 0 -7 0
      vertex 0.37630246776355253 -3.580278823325784 0
      vertex 0.7316992428735742 -6.961653267577913 0
    endloop
  endfacet
  facet normal 0.1399575795062666 -0.8836573795979507 -0.44672308136118355
    outer loop
      vertex 0.7316992428735742 -6.961653267577913 0
      vertex 1.4553818357243153 -6.84703320513664 0
      vertex 0.783963474507401 -7.45891421526205 1
    endloop
  endfacet
  facet normal 0.13995757950626725 -0.8836573795979507 -0.44672308136118316
    outer loop
      vertex 0.783963474507401 -7.45891421526205 1
      vertex 1.4553818357243153 -6.84703320513664 0
      vertex 1.5593376811331952 -7.336107005503543 1
    endloop
  endfacet
  facet normal 0.2315582251862254 -0.8641870613054647 -0.4467230813611831
    outer loop
      vertex 1.4553818357243153 -6.84703320513664 0
      vertex 2.1631189606246317 -6.657395614066075 0
      vertex 1.5593376811331952 -7.336107005503543 1
    endloop
  endfacet
  facet normal 0 0 -1
    outer loop
      vertex 0.7316992428735742 -6.961653267577913 0
      vertex 1.1124611797498107 -3.4238034586625528 0
      vertex 1.4553818357243153 -6.84703320513664 0
    endloop
  endfacet
  facet normal 0 0 -1
    outer loop
      vertex 0 -7 0
      vertex 0 -3.6 0
      vertex 0.37630246776355253 -3.580278823325784 0
    endloop
  endfacet
  facet normal 0 0 -1
    outer loop
      vertex 0.7316992428735742 -6.961653267577913 0
      vertex 0.37630246776355253 -3.580278823325784 0
      vertex 0.7484820869439337 -3.5213313626417007 0
    endloop
  endfacet
  facet normal 0 0 -1
    outer loop
      vertex 0.7316992428735742 -6.961653267577913 0
      vertex 0.7484820869439337 -3.5213313626417007 0
      vertex 1.1124611797498107 -3.4238034586625528 0
    endloop
  endfacet
  facet normal 0 0 -1
    outer loop
      vertex 1.4553818357243153 -6.84703320513664 0
      vertex 1.8 -3.117691453623979 0
      vertex 2.1631189606246317 -6.657395614066075 0
    endloop
  endfacet
  facet normal 0 0 -1
    outer loop
      vertex 1.4553818357243153 -6.84703320513664 0
      vertex 1.1124611797498107 -3.4238034586625528 0
      vertex 1.4642519150728808 -3.2887636475133633 0
    endloop
  endfacet
  facet normal 0 0 -1
    outer loop
      vertex 1.4553818357243153 -6.84703320513664 0
      vertex 1.4642519150728808 -3.2887636475133633 0
      vertex 1.8 -3.117691453623979 0
    endloop
  endfacet
  facet normal 0.23155822518622537 -0.8641870613054647 -0.44672308136118316
    outer loop
      vertex 1.5593376811331952 -7.336107005503543 1
      vertex 2.1631189606246317 -6.657395614066075 0
      vertex 2.3176274578121054 -7.132923872213651 1
    endloop
  endfacet
  facet normal 0.32062187049436713 -0.835248528726548 -0.44672308136118316
    outer loop
      vertex 2.1631189606246317 -6.657395614066075 0
      vertex 2.8471565015306015 -6.394818203498206 0
      vertex 2.3176274578121054 -7.132923872213651 1
    endloop
  endfacet
  facet normal 0.3206218704943665 -0.835248528726548 -0.4467230813611835
    outer loop
      vertex 2.3176274578121054 -7.132923872213651 1
      vertex 2.8471565015306015 -6.394818203498206 0
      vertex 3.0505248230685016 -6.851590932319507 1
    endloop
  endfacet
  facet normal 0.4061727154949331 -0.7971588384799113 -0.44672308136118344
    outer loop
      vertex 3.0505248230685016 -6.851590932319507 1
      vertex 2.8471565015306015 -6.394818203498206 0
      vertex 3.5 -6.06217782649107 0
    endloop
  endfacet
  facet normal 0.40617271549493444 -0.7971588384799112 -0.44672308136118277
    outer loop
      vertex 3.0505248230685016 -6.851590932319507 1
      vertex 3.5 -6.06217782649107 0
      vertex 3.75 -6.495190528383289 1
    endloop
  endfacet
  facet normal 0 0 -1
    outer loop
      vertex 2.1631189606246317 -6.657395614066075 0
      vertex 2.40887018289189 -2.6753213717186193 0
      vertex 2.8471565015306015 -6.394818203498206 0
    endloop
  endfacet
  facet normal 0 0 -1
    outer loop
      vertex 2.1631189606246317 -6.657395614066075 0
      vertex 1.8 -3.117691453623979 0
      vertex 2.1160269082529033 -2.912461179749811 0
    endloop
  endfacet
  facet normal 0 0 -1
    outer loop
      vertex 2.1631189606246317 -6.657395614066075 0
      vertex 2.1160269082529033 -2.912461179749811 0
      vertex 2.40887018289189 -2.6753213717186193 0
    endloop
  endfacet
  facet normal 0 0 -1
    outer loop
      vertex 2.8471565015306015 -6.394818203498206 0
      vertex 2.40887018289189 -2.6753213717186193 0
      vertex 2.6753213717186193 -2.40887018289189 0
    endloop
  endfacet
  facet normal 0 0 -1
    outer loop
      vertex 2.8471565015306015 -6.394818203498206 0
      vertex 3.117691453623979 -1.8 0
      vertex 3.5 -6.06217782649107 0
    endloop
  endfacet
  facet normal 0 0 -1
    outer loop
      vertex 2.8471565015306015 -6.394818203498206 0
      vertex 2.6753213717186193 -2.40887018289189 0
      vertex 2.912461179749811 -2.1160269082529033 0
    endloop
  endfacet
  facet normal 0 0 -1
    outer loop
      vertex 2.8471565015306015 -6.394818203498206 0
      vertex 2.912461179749811 -2.1160269082529033 0
      vertex 3.117691453623979 -1.8 0
    endloop
  endfacet
  facet normal 0 0 -1
    outer loop
      vertex 3.5 -6.06217782649107 0
      vertex 3.117691453623979 -1.8 0
      vertex 3.2887636475133633 -1.4642519150728808 0
    endloop
  endfacet
  facet normal 0 0 -1
    outer loop
      vertex 3.5 -6.06217782649107 0
      vertex 3.2887636475133633 -1.4642519150728808 0
      vertex 3.4238034586625528 -1.1124611797498107 0
    endloop
  endfacet
  facet normal 0 0 -1
    outer loop
      vertex 3.5 -6.06217782649107 0
      vertex 3.4238034586625528 -1.1124611797498107 0
      vertex 3.5213313626417007 -0.7484820869439337 0
    endloop
  endfacet
  facet normal 0 0 -1
    outer loop
      vertex 3.5 -6.06217782649107 0
      vertex 3.5213313626417007 -0.7484820869439337 0
      vertex 3.580278823325784 -0.37630246776355253 0
    endloop
  endfacet
  facet normal 0 0 -1
    outer loop
      vertex 3.5 -6.06217782649107 0
      vertex 3.580278823325784 -0.37630246776355253 0
      vertex 3.6 0 0
    endloop
  endfacet
  facet normal 0 0 -1
    outer loop
      vertex 3.5 -6.06217782649107 0
      vertex 3.6 0 0
      vertex 4.114496766047312 5.663118960624632 0
    endloop
  endfacet
  facet normal 0.4872734472274325 -0.7503353091826778 -0.44672308136118277
    outer loop
      vertex 3.5 -6.06217782649107 0
      vertex 4.114496766047312 -5.663118960624632 0
      vertex 3.75 -6.495190528383289 1
    endloop
  endfacet
  facet normal 0.4872734472274314 -0.7503353091826781 -0.4467230813611834
    outer loop
      vertex 4.114496766047312 -5.663118960624632 0
      vertex 4.408389392193548 -6.067627457812106 1
      vertex 3.75 -6.495190528383289 1
    endloop
  endfacet
  facet normal 0.5630355091035831 -0.6952909492202803 -0.44672308136118344
    outer loop
      vertex 4.114496766047312 -5.663118960624632 0
      vertex 4.683914244512008 -5.20201377834176 0
      vertex 4.408389392193548 -6.067627457812106 1
    endloop
  endfacet
  facet normal 0.563035509103584 -0.69529094922028 -0.4467230813611829
    outer loop
      vertex 4.408389392193548 -6.067627457812106 1
      vertex 4.683914244512008 -5.20201377834176 0
      vertex 5.018479547691436 -5.573586191080457 1
    endloop
  endfacet
  facet normal 0.6326288361192406 -0.6326288361192406 -0.4467230813611828
    outer loop
      vertex 4.683914244512008 -5.20201377834176 0
      vertex 5.573586191080457 -5.018479547691436 1
      vertex 5.018479547691436 -5.573586191080457 1
    endloop
  endfacet
  facet normal 0.6326288361192407 -0.6326288361192407 -0.4467230813611829
    outer loop
      vertex 4.683914244512008 -5.20201377834176 0
      vertex 5.20201377834176 -4.683914244512008 0
      vertex 5.573586191080457 -5.018479547691436 1
    endloop
  endfacet
  facet normal 0.69529094922028 -0.563035509103584 -0.4467230813611829
    outer loop
      vertex 5.573586191080457 -5.018479547691436 1
      vertex 5.20201377834176 -4.683914244512008 0
      vertex 6.067627457812106 -4.408389392193548 1
    endloop
  endfacet
  facet normal 0.6952909492202803 -0.5630355091035831 -0.44672308136118344
    outer loop
      vertex 5.20201377834176 -4.683914244512008 0
      vertex 5.663118960624632 -4.114496766047312 0
      vertex 6.067627457812106 -4.408389392193548 1
    endloop
  endfacet
  facet normal 0.7503353091826778 -0.4872734472274325 -0.44672308136118266
    outer loop
      vertex 5.663118960624632 -4.114496766047312 0
      vertex 6.06217782649107 -3.5 0
      vertex 6.495190528383289 -3.75 1
    endloop
  endfacet
  facet normal 0.7503353091826781 -0.4872734472274314 -0.4467230813611834
    outer loop
      vertex 5.663118960624632 -4.114496766047312 0
      vertex 6.495190528383289 -3.75 1
      vertex 6.067627457812106 -4.408389392193548 1
    endloop
  endfacet
  facet normal 0 0 -1
    outer loop
      vertex 3.5 -6.06217782649107 0
      vertex 4.114496766047312 5.663118960624632 0
      vertex 4.114496766047312 -5.663118960624632 0
    endloop
  endfacet
  facet normal 0 0 -1
    outer loop
      vertex 4.114496766047312 -5.663118960624632 0
      vertex 4.683914244512008 5.20201377834176 0
      vertex 4.683914244512008 -5.20201377834176 0
    endloop
  endfacet
  facet normal 0 0 -1
    outer loop
      vertex 4.683914244512008 -5.20201377834176 0
      vertex 5.20201377834176 4.683914244512008 0
      vertex 5.20201377834176 -4.683914244512008 0
    endloop
  endfacet
  facet normal 0 0 -1
    outer loop
      vertex 5.20201377834176 -4.683914244512008 0
      vertex 5.663118960624632 4.114496766047312 0
      vertex 5.663118960624632 -4.114496766047312 0
    endloop
  endfacet
  facet normal 0.7971588384799112 -0.40617271549493444 -0.4467230813611827
    outer loop
      vertex 6.06217782649107 -3.5 0
      vertex 6.851590932319507 -3.0505248230685016 1
      vertex 6.495190528383289 -3.75 1
    endloop
  endfacet
  facet normal 0.7971588384799114 -0.40617271549493317 -0.4467230813611834
    outer loop
      vertex 6.06217782649107 -3.5 0
      vertex 6.394818203498206 -2.8471565015306015 0
      vertex 6.851590932319507 -3.0505248230685016 1
    endloop
  endfacet
  facet normal 0.835248528726548 -0.32062187049436713 -0.44672308136118316
    outer loop
      vertex 6.394818203498206 -2.8471565015306015 0
      vertex 6.657395614066075 -2.1631189606246317 0
      vertex 7.132923872213651 -2.3176274578121054 1
    endloop
  endfacet
  facet normal 0.835248528726548 -0.3206218704943665 -0.4467230813611835
    outer loop
      vertex 6.394818203498206 -2.8471565015306015 0
      vertex 7.132923872213651 -2.3176274578121054 1
      vertex 6.851590932319507 -3.0505248230685016 1
    endloop
  endfacet
  facet normal 0.8641870613054647 -0.23155822518622537 -0.44672308136118316
    outer loop
      vertex 6.657395614066075 -2.1631189606246317 0
      vertex 7.336107005503543 -1.5593376811331952 1
      vertex 7.132923872213651 -2.3176274578121054 1
    endloop
  endfacet
  facet normal 0 0 -1
    outer loop
      vertex 5.663118960624632 -4.114496766047312 0
      vertex 6.06217782649107 3.5 0
      vertex 6.06217782649107 -3.5 0
    endloop
  endfacet
  facet normal 0 0 -1
    outer loop
      vertex 6.06217782649107 -3.5 0
      vertex 6.394818203498206 2.8471565015306015 0
      vertex 6.394818203498206 -2.8471565015306015 0
    endloop
  endfacet
  facet normal 0.8641870613054647 -0.2315582251862254 -0.4467230813611831
    outer loop
      vertex 6.657395614066075 -2.1631189606246317 0
      vertex 6.84703320513664 -1.4553818357243153 0
      vertex 7.336107005503543 -1.5593376811331952 1
    endloop
  endfacet
  facet normal 0 0 -1
    outer loop
      vertex 6.394818203498206 -2.8471565015306015 0
      vertex 6.657395614066075 2.1631189606246317 0
      vertex 6.657395614066075 -2.1631189606246317 0
    endloop
  endfacet
  facet normal 0.8836573795979507 -0.1399575795062666 -0.4467230813611836
    outer loop
      vertex 6.84703320513664 -1.4553818357243153 0
      vertex 6.961653267577913 -0.7316992428735742 0
      vertex 7.45891421526205 -0.783963474507401 1
    endloop
  endfacet
  facet normal 0.8836573795979507 -0.13995757950626725 -0.44672308136118316
    outer loop
      vertex 6.84703320513664 -1.4553818357243153 0
      vertex 7.45891421526205 -0.783963474507401 1
      vertex 7.336107005503543 -1.5593376811331952 1
    endloop
  endfacet
  facet normal 0 0 -1
    outer loop
      vertex 6.657395614066075 -2.1631189606246317 0
      vertex 6.84703320513664 1.4553818357243153 0
      vertex 6.84703320513664 -1.4553818357243153 0
    endloop
  endfacet
  facet normal 0 0 -1
    outer loop
      vertex 6.84703320513664 -1.4553818357243153 0
      vertex 6.961653267577913 0.7316992428735742 0
      vertex 6.961653267577913 -0.7316992428735742 0
    endloop
  endfacet
  facet normal 0.8934461627223661 -0.0468235292972339 -0.44672308136118355
    outer loop
      vertex 6.961653267577913 -0.7316992428735742 0
      vertex 7.5 0 1
      vertex 7.45891421526205 -0.783963474507401 1
    endloop
  endfacet
  facet normal 0.8934461627223662 -0.046823529297234566 -0.4467230813611831
    outer loop
      vertex 6.961653267577913 -0.7316992428735742 0
      vertex 7 0 0
      vertex 7.5 0 1
    endloop
  endfacet
  facet normal 0 0 -1
    outer loop
      vertex 4.114496766047312 5.663118960624632 0
      vertex 3.580278823325784 0.37630246776355253 0
      vertex 3.5213313626417007 0.7484820869439337 0
    endloop
  endfacet
  facet normal 0 0 -1
    outer loop
      vertex 4.114496766047312 5.663118960624632 0
      vertex 3.5213313626417007 0.7484820869439337 0
      vertex 3.4238034586625528 1.1124611797498107 0
    endloop
  endfacet
  facet normal 0 0 -1
    outer loop
      vertex 3.5 6.06217782649107 0
      vertex 2.912461179749811 2.1160269082529033 0
      vertex 2.6753213717186193 2.40887018289189 0
    endloop
  endfacet
  facet normal 0 0 -1
    outer loop
      vertex 3.5 6.06217782649107 0
      vertex 3.117691453623979 1.8 0
      vertex 2.912461179749811 2.1160269082529033 0
    endloop
  endfacet
  facet normal 0 0 -1
    outer loop
      vertex 3.5 6.06217782649107 0
      vertex 3.4238034586625528 1.1124611797498107 0
      vertex 3.2887636475133633 1.4642519150728808 0
    endloop
  endfacet
  facet normal 0 0 -1
    outer loop
      vertex 3.5 6.06217782649107 0
      vertex 3.2887636475133633 1.4642519150728808 0
      vertex 3.117691453623979 1.8 0
    endloop
  endfacet
  facet normal 0 0 -1
    outer loop
      vertex 1.4553818357243153 6.84703320513664 0
      vertex 0.7484820869439337 3.5213313626417007 0
      vertex 0.37630246776355253 3.580278823325784 0
    endloop
  endfacet
  facet normal 0 0 -1
    outer loop
      vertex 0 7 0
      vertex 0.37630246776355253 3.580278823325784 0
      vertex 0 3.6 0
    endloop
  endfacet
  facet normal 0 0 -1
    outer loop
      vertex 1.4553818357243153 6.84703320513664 0
      vertex 1.1124611797498107 3.4238034586625528 0
      vertex 0.7484820869439337 3.5213313626417007 0
    endloop
  endfacet
  facet normal 0 0 -1
    outer loop
      vertex 2.1631189606246317 6.657395614066075 0
      vertex 1.4642519150728808 3.2887636475133633 0
      vertex 1.1124611797498107 3.4238034586625528 0
    endloop
  endfacet
  facet normal 0 0 -1
    outer loop
      vertex 2.1631189606246317 6.657395614066075 0
      vertex 1.8 3.117691453623979 0
      vertex 1.4642519150728808 3.2887636475133633 0
    endloop
  endfacet
  facet normal 0 0 -1
    outer loop
      vertex 0 7 0
      vertex 0.7316992428735742 6.961653267577913 0
      vertex 0.37630246776355253 3.580278823325784 0
    endloop
  endfacet
  facet normal 0 0 -1
    outer loop
      vertex 0.7316992428735742 6.961653267577913 0
      vertex 1.4553818357243153 6.84703320513664 0
      vertex 0.37630246776355253 3.580278823325784 0
    endloop
  endfacet
  facet normal 0.046823529297234566 0.8934461627223662 -0.4467230813611831
    outer loop
      vertex 0 7 0
      vertex 0 7.5 1
      vertex 0.7316992428735742 6.961653267577913 0
    endloop
  endfacet
  facet normal 0.0468235292972339 0.8934461627223661 -0.44672308136118355
    outer loop
      vertex 0.7316992428735742 6.961653267577913 0
      vertex 0 7.5 1
      vertex 0.783963474507401 7.45891421526205 1
    endloop
  endfacet
  facet normal 0 0 -1
    outer loop
      vertex 1.4553818357243153 6.84703320513664 0
      vertex 2.1631189606246317 6.657395614066075 0
      vertex 1.1124611797498107 3.4238034586625528 0
    endloop
  endfacet
  facet normal 0.1399575795062666 0.8836573795979507 -0.44672308136118355
    outer loop
      vertex 0.7316992428735742 6.961653267577913 0
      vertex 0.783963474507401 7.45891421526205 1
      vertex 1.4553818357243153 6.84703320513664 0
    endloop
  endfacet
  facet normal 0.13995757950626725 0.8836573795979507 -0.44672308136118316
    outer loop
      vertex 0.783963474507401 7.45891421526205 1
      vertex 1.5593376811331952 7.336107005503543 1
      vertex 1.4553818357243153 6.84703320513664 0
    endloop
  endfacet
  facet normal 0.2315582251862254 0.8641870613054647 -0.4467230813611831
    outer loop
      vertex 1.4553818357243153 6.84703320513664 0
      vertex 1.5593376811331952 7.336107005503543 1
      vertex 2.1631189606246317 6.657395614066075 0
    endloop
  endfacet
  facet normal 0 0 -1
    outer loop
      vertex 2.1631189606246317 6.657395614066075 0
      vertex 2.1160269082529033 2.912461179749811 0
      vertex 1.8 3.117691453623979 0
    endloop
  endfacet
  facet normal 0 0 -1
    outer loop
      vertex 2.8471565015306015 6.394818203498206 0
      vertex 2.40887018289189 2.6753213717186193 0
      vertex 2.1160269082529033 2.912461179749811 0
    endloop
  endfacet
  facet normal 0 0 -1
    outer loop
      vertex 2.8471565015306015 6.394818203498206 0
      vertex 2.6753213717186193 2.40887018289189 0
      vertex 2.40887018289189 2.6753213717186193 0
    endloop
  endfacet
  facet normal 0 0 -1
    outer loop
      vertex 2.1631189606246317 6.657395614066075 0
      vertex 2.8471565015306015 6.394818203498206 0
      vertex 2.1160269082529033 2.912461179749811 0
    endloop
  endfacet
  facet normal 0 0 -1
    outer loop
      vertex 3.5 6.06217782649107 0
      vertex 4.114496766047312 5.663118960624632 0
      vertex 3.4238034586625528 1.1124611797498107 0
    endloop
  endfacet
  facet normal 0 0 -1
    outer loop
      vertex 2.8471565015306015 6.394818203498206 0
      vertex 3.5 6.06217782649107 0
      vertex 2.6753213717186193 2.40887018289189 0
    endloop
  endfacet
  facet normal 0.23155822518622537 0.8641870613054647 -0.44672308136118316
    outer loop
      vertex 1.5593376811331952 7.336107005503543 1
      vertex 2.3176274578121054 7.132923872213651 1
      vertex 2.1631189606246317 6.657395614066075 0
    endloop
  endfacet
  facet normal 0.32062187049436713 0.835248528726548 -0.44672308136118316
    outer loop
      vertex 2.1631189606246317 6.657395614066075 0
      vertex 2.3176274578121054 7.132923872213651 1
      vertex 2.8471565015306015 6.394818203498206 0
    endloop
  endfacet
  facet normal 0.3206218704943665 0.835248528726548 -0.4467230813611835
    outer loop
      vertex 2.3176274578121054 7.132923872213651 1
      vertex 3.0505248230685016 6.851590932319507 1
      vertex 2.8471565015306015 6.394818203498206 0
    endloop
  endfacet
  facet normal 0.40617271549493317 0.7971588384799114 -0.44672308136118344
    outer loop
      vertex 2.8471565015306015 6.394818203498206 0
      vertex 3.0505248230685016 6.851590932319507 1
      vertex 3.5 6.06217782649107 0
    endloop
  endfacet
  facet normal 0.40617271549493444 0.7971588384799112 -0.4467230813611827
    outer loop
      vertex 3.5 6.06217782649107 0
      vertex 3.0505248230685016 6.851590932319507 1
      vertex 3.75 6.495190528383289 1
    endloop
  endfacet
  facet normal 0 0 -1
    outer loop
      vertex 4.114496766047312 -5.663118960624632 0
      vertex 4.114496766047312 5.663118960624632 0
      vertex 4.683914244512008 5.20201377834176 0
    endloop
  endfacet
  facet normal 0 0 -1
    outer loop
      vertex 4.683914244512008 -5.20201377834176 0
      vertex 4.683914244512008 5.20201377834176 0
      vertex 5.20201377834176 4.683914244512008 0
    endloop
  endfacet
  facet normal 0 0 -1
    outer loop
      vertex 5.20201377834176 -4.683914244512008 0
      vertex 5.20201377834176 4.683914244512008 0
      vertex 5.663118960624632 4.114496766047312 0
    endloop
  endfacet
  facet normal 0 0 -1
    outer loop
      vertex 4.114496766047312 5.663118960624632 0
      vertex 3.6 0 0
      vertex 3.580278823325784 0.37630246776355253 0
    endloop
  endfacet
  facet normal 0 0 -1
    outer loop
      vertex 6.394818203498206 -2.8471565015306015 0
      vertex 6.394818203498206 2.8471565015306015 0
      vertex 6.657395614066075 2.1631189606246317 0
    endloop
  endfacet
  facet normal 0 0 -1
    outer loop
      vertex 5.663118960624632 -4.114496766047312 0
      vertex 5.663118960624632 4.114496766047312 0
      vertex 6.06217782649107 3.5 0
    endloop
  endfacet
  facet normal 0 0 -1
    outer loop
      vertex 6.06217782649107 -3.5 0
      vertex 6.06217782649107 3.5 0
      vertex 6.394818203498206 2.8471565015306015 0
    endloop
  endfacet
  facet normal 0 0 -1
    outer loop
      vertex 6.961653267577913 -0.7316992428735742 0
      vertex 6.961653267577913 0.7316992428735742 0
      vertex 7 0 0
    endloop
  endfacet
  facet normal 0 0 -1
    outer loop
      vertex 6.84703320513664 -1.4553818357243153 0
      vertex 6.84703320513664 1.4553818357243153 0
      vertex 6.961653267577913 0.7316992428735742 0
    endloop
  endfacet
  facet normal 0 0 -1
    outer loop
      vertex 6.657395614066075 -2.1631189606246317 0
      vertex 6.657395614066075 2.1631189606246317 0
      vertex 6.84703320513664 1.4553818357243153 0
    endloop
  endfacet
  facet normal 0.8934461627223662 0.046823529297234566 -0.4467230813611831
    outer loop
      vertex 7 0 0
      vertex 6.961653267577913 0.7316992428735742 0
      vertex 7.5 0 1
    endloop
  endfacet
  facet normal 0.8934461627223661 0.0468235292972339 -0.44672308136118355
    outer loop
      vertex 6.961653267577913 0.7316992428735742 0
      vertex 7.45891421526205 0.783963474507401 1
      vertex 7.5 0 1
    endloop
  endfacet
  facet normal 0.8641870613054647 0.2315582251862254 -0.4467230813611831
    outer loop
      vertex 6.84703320513664 1.4553818357243153 0
      vertex 6.657395614066075 2.1631189606246317 0
      vertex 7.336107005503543 1.5593376811331952 1
    endloop
  endfacet
  facet normal 0.8836573795979507 0.1399575795062666 -0.44672308136118355
    outer loop
      vertex 6.961653267577913 0.7316992428735742 0
      vertex 6.84703320513664 1.4553818357243153 0
      vertex 7.45891421526205 0.783963474507401 1
    endloop
  endfacet
  facet normal 0.8836573795979507 0.13995757950626725 -0.44672308136118316
    outer loop
      vertex 7.45891421526205 0.783963474507401 1
      vertex 6.84703320513664 1.4553818357243153 0
      vertex 7.336107005503543 1.5593376811331952 1
    endloop
  endfacet
  facet normal 0.7971588384799114 0.40617271549493317 -0.4467230813611834
    outer loop
      vertex 6.06217782649107 3.5 0
      vertex 6.851590932319507 3.0505248230685016 1
      vertex 6.394818203498206 2.8471565015306015 0
    endloop
  endfacet
  facet normal 0.7971588384799112 0.40617271549493444 -0.4467230813611827
    outer loop
      vertex 6.06217782649107 3.5 0
      vertex 6.495190528383289 3.75 1
      vertex 6.851590932319507 3.0505248230685016 1
    endloop
  endfacet
  facet normal 0.835248528726548 0.32062187049436713 -0.44672308136118316
    outer loop
      vertex 6.394818203498206 2.8471565015306015 0
      vertex 7.132923872213651 2.3176274578121054 1
      vertex 6.657395614066075 2.1631189606246317 0
    endloop
  endfacet
  facet normal 0.835248528726548 0.3206218704943665 -0.4467230813611835
    outer loop
      vertex 6.394818203498206 2.8471565015306015 0
      vertex 6.851590932319507 3.0505248230685016 1
      vertex 7.132923872213651 2.3176274578121054 1
    endloop
  endfacet
  facet normal 0.8641870613054647 0.23155822518622537 -0.44672308136118316
    outer loop
      vertex 7.336107005503543 1.5593376811331952 1
      vertex 6.657395614066075 2.1631189606246317 0
      vertex 7.132923872213651 2.3176274578121054 1
    endloop
  endfacet
  facet normal 0.6326288361192407 0.6326288361192407 -0.4467230813611829
    outer loop
      vertex 4.683914244512008 5.20201377834176 0
      vertex 5.573586191080457 5.018479547691436 1
      vertex 5.20201377834176 4.683914244512008 0
    endloop
  endfacet
  facet normal 0.563035509103584 0.69529094922028 -0.4467230813611829
    outer loop
      vertex 4.683914244512008 5.20201377834176 0
      vertex 4.408389392193548 6.067627457812106 1
      vertex 5.018479547691436 5.573586191080457 1
    endloop
  endfacet
  facet normal 0.6326288361192406 0.6326288361192406 -0.4467230813611828
    outer loop
      vertex 4.683914244512008 5.20201377834176 0
      vertex 5.018479547691436 5.573586191080457 1
      vertex 5.573586191080457 5.018479547691436 1
    endloop
  endfacet
  facet normal 0.69529094922028 0.563035509103584 -0.4467230813611829
    outer loop
      vertex 5.20201377834176 4.683914244512008 0
      vertex 5.573586191080457 5.018479547691436 1
      vertex 6.067627457812106 4.408389392193548 1
    endloop
  endfacet
  facet normal 0.4872734472274325 0.7503353091826778 -0.44672308136118277
    outer loop
      vertex 3.5 6.06217782649107 0
      vertex 3.75 6.495190528383289 1
      vertex 4.114496766047312 5.663118960624632 0
    endloop
  endfacet
  facet normal 0.4872734472274314 0.7503353091826781 -0.4467230813611834
    outer loop
      vertex 4.114496766047312 5.663118960624632 0
      vertex 3.75 6.495190528383289 1
      vertex 4.408389392193548 6.067627457812106 1
    endloop
  endfacet
  facet normal 0.5630355091035831 0.6952909492202803 -0.44672308136118344
    outer loop
      vertex 4.683914244512008 5.20201377834176 0
      vertex 4.114496766047312 5.663118960624632 0
      vertex 4.408389392193548 6.067627457812106 1
    endloop
  endfacet
  facet normal 0.7503353091826778 0.4872734472274325 -0.44672308136118277
    outer loop
      vertex 6.06217782649107 3.5 0
      vertex 5.663118960624632 4.114496766047312 0
      vertex 6.495190528383289 3.75 1
    endloop
  endfacet
  facet normal 0.7503353091826781 0.4872734472274314 -0.4467230813611834
    outer loop
      vertex 5.663118960624632 4.114496766047312 0
      vertex 6.067627457812106 4.408389392193548 1
      vertex 6.495190528383289 3.75 1
    endloop
  endfacet
  facet normal 0.6952909492202803 0.5630355091035831 -0.44672308136118344
    outer loop
      vertex 5.20201377834176 4.683914244512008 0
      vertex 6.067627457812106 4.408389392193548 1
      vertex 5.663118960624632 4.114496766047312 0
    endloop
  endfacet
  facet normal -0.8386705679454247 -0.5446390350150259 0
    outer loop
      vertex -6.067627457812106 -4.408389392193548 1
      vertex -6.495190528383289 -3.75 6
      vertex -6.495190528383289 -3.75 1
    endloop
  endfacet
  facet normal -0.7771459614569705 -0.629320391049838 0
    outer loop
      vertex -6.067627457812106 -4.408389392193548 1
      vertex -5.573586191080457 -5.018479547691436 1
      vertex -6.067627457812106 -4.408389392193548 6
    endloop
  endfacet
  facet normal -0.629320391049838 -0.7771459614569705 0
    outer loop
      vertex -4.408389392193548 -6.067627457812106 1
      vertex -4.408389392193548 -6.067627457812106 6
      vertex -5.018479547691436 -5.573586191080457 1
    endloop
  endfacet
  facet normal -0.5446390350150259 -0.8386705679454247 0
    outer loop
      vertex -4.408389392193548 -6.067627457812106 1
      vertex -3.75 -6.495190528383289 1
      vertex -3.75 -6.495190528383289 6
    endloop
  endfacet
  facet normal -0.7071067811865476 -0.7071067811865476 0
    outer loop
      vertex -5.573586191080457 -5.018479547691436 1
      vertex -5.018479547691436 -5.573586191080457 1
      vertex -5.573586191080457 -5.018479547691436 6
    endloop
  endfacet
  facet normal -0.7771459614569705 -0.629320391049838 0
    outer loop
      vertex -5.573586191080457 -5.018479547691436 1
      vertex -5.573586191080457 -5.018479547691436 6
      vertex -6.067627457812106 -4.408389392193548 6
    endloop
  endfacet
  facet normal -0.8386705679454247 -0.5446390350150259 0
    outer loop
      vertex -6.067627457812106 -4.408389392193548 1
      vertex -6.067627457812106 -4.408389392193548 6
      vertex -6.495190528383289 -3.75 6
    endloop
  endfacet
  facet normal -0.629320391049838 -0.7771459614569705 0
    outer loop
      vertex -5.018479547691436 -5.573586191080457 1
      vertex -4.408389392193548 -6.067627457812106 6
      vertex -5.018479547691436 -5.573586191080457 6
    endloop
  endfacet
  facet normal -0.5446390350150259 -0.8386705679454247 0
    outer loop
      vertex -4.408389392193548 -6.067627457812106 1
      vertex -3.75 -6.495190528383289 6
      vertex -4.408389392193548 -6.067627457812106 6
    endloop
  endfacet
  facet normal -0.7071067811865476 -0.7071067811865476 0
    outer loop
      vertex -5.018479547691436 -5.573586191080457 1
      vertex -5.018479547691436 -5.573586191080457 6
      vertex -5.573586191080457 -5.018479547691436 6
    endloop
  endfacet
  facet normal -0.8910065241883675 -0.4539904997395476 0
    outer loop
      vertex -6.851590932319507 -3.0505248230685016 1
      vertex -6.495190528383289 -3.75 1
      vertex -6.851590932319507 -3.0505248230685016 6
    endloop
  endfacet
  facet normal -0.933580426497202 -0.3583679495452997 0
    outer loop
      vertex -6.851590932319507 -3.0505248230685016 1
      vertex -7.132923872213651 -2.3176274578121054 6
      vertex -7.132923872213651 -2.3176274578121054 1
    endloop
  endfacet
  facet normal -0.965925826289068 -0.2588190451025218 0
    outer loop
      vertex -7.132923872213651 -2.3176274578121054 1
      vertex -7.336107005503543 -1.5593376811331952 6
      vertex -7.336107005503543 -1.5593376811331952 1
    endloop
  endfacet
  facet normal -0.9876883405951378 -0.15643446504023034 0
    outer loop
      vertex -7.336107005503543 -1.5593376811331952 1
      vertex -7.45891421526205 -0.783963474507401 6
      vertex -7.45891421526205 -0.783963474507401 1
    endloop
  endfacet
  facet normal -0.9986295347545738 -0.052335956242943855 0
    outer loop
      vertex -7.45891421526205 -0.783963474507401 1
      vertex -7.5 0 6
      vertex -7.5 0 1
    endloop
  endfacet
  facet normal -0.8910065241883675 -0.4539904997395476 0
    outer loop
      vertex -6.495190528383289 -3.75 1
      vertex -6.495190528383289 -3.75 6
      vertex -6.851590932319507 -3.0505248230685016 6
    endloop
  endfacet
  facet normal -0.965925826289068 -0.2588190451025218 0
    outer loop
      vertex -7.132923872213651 -2.3176274578121054 1
      vertex -7.132923872213651 -2.3176274578121054 6
      vertex -7.336107005503543 -1.5593376811331952 6
    endloop
  endfacet
  facet normal -0.933580426497202 -0.3583679495452997 0
    outer loop
      vertex -6.851590932319507 -3.0505248230685016 1
      vertex -6.851590932319507 -3.0505248230685016 6
      vertex -7.132923872213651 -2.3176274578121054 6
    endloop
  endfacet
  facet normal -0.9876883405951378 -0.15643446504023034 0
    outer loop
      vertex -7.336107005503543 -1.5593376811331952 1
      vertex -7.336107005503543 -1.5593376811331952 6
      vertex -7.45891421526205 -0.783963474507401 6
    endloop
  endfacet
  facet normal -0.9986295347545738 -0.052335956242943855 0
    outer loop
      vertex -7.45891421526205 -0.783963474507401 1
      vertex -7.45891421526205 -0.783963474507401 6
      vertex -7.5 0 6
    endloop
  endfacet
  facet normal -0.4539904997395476 -0.8910065241883675 0
    outer loop
      vertex -3.0505248230685016 -6.851590932319507 1
      vertex -3.0505248230685016 -6.851590932319507 6
      vertex -3.75 -6.495190528383289 1
    endloop
  endfacet
  facet normal -0.3583679495452997 -0.933580426497202 0
    outer loop
      vertex -3.0505248230685016 -6.851590932319507 1
      vertex -2.3176274578121054 -7.132923872213651 1
      vertex -2.3176274578121054 -7.132923872213651 6
    endloop
  endfacet
  facet normal -0.2588190451025218 -0.965925826289068 0
    outer loop
      vertex -2.3176274578121054 -7.132923872213651 1
      vertex -1.5593376811331952 -7.336107005503543 1
      vertex -1.5593376811331952 -7.336107005503543 6
    endloop
  endfacet
  facet normal -0.15643446504023034 -0.9876883405951378 0
    outer loop
      vertex -1.5593376811331952 -7.336107005503543 1
      vertex -0.783963474507401 -7.45891421526205 1
      vertex -0.783963474507401 -7.45891421526205 6
    endloop
  endfacet
  facet normal -0.052335956242943855 -0.9986295347545738 0
    outer loop
      vertex -0.783963474507401 -7.45891421526205 1
      vertex 0 -7.5 1
      vertex 0 -7.5 6
    endloop
  endfacet
  facet normal -0.4539904997395476 -0.8910065241883675 0
    outer loop
      vertex -3.75 -6.495190528383289 1
      vertex -3.0505248230685016 -6.851590932319507 6
      vertex -3.75 -6.495190528383289 6
    endloop
  endfacet
  facet normal -0.3583679495452997 -0.933580426497202 0
    outer loop
      vertex -3.0505248230685016 -6.851590932319507 1
      vertex -2.3176274578121054 -7.132923872213651 6
      vertex -3.0505248230685016 -6.851590932319507 6
    endloop
  endfacet
  facet normal -0.2588190451025218 -0.965925826289068 0
    outer loop
      vertex -2.3176274578121054 -7.132923872213651 1
      vertex -1.5593376811331952 -7.336107005503543 6
      vertex -2.3176274578121054 -7.132923872213651 6
    endloop
  endfacet
  facet normal -0.15643446504023034 -0.9876883405951378 0
    outer loop
      vertex -1.5593376811331952 -7.336107005503543 1
      vertex -0.783963474507401 -7.45891421526205 6
      vertex -1.5593376811331952 -7.336107005503543 6
    endloop
  endfacet
  facet normal -0.052335956242943855 -0.9986295347545738 0
    outer loop
      vertex -0.783963474507401 -7.45891421526205 1
      vertex 0 -7.5 6
      vertex -0.783963474507401 -7.45891421526205 6
    endloop
  endfacet
  facet normal -0.9986295347545738 0.052335956242943855 0
    outer loop
      vertex -7.5 0 1
      vertex -7.45891421526205 0.783963474507401 6
      vertex -7.45891421526205 0.783963474507401 1
    endloop
  endfacet
  facet normal -0.9876883405951378 0.15643446504023034 0
    outer loop
      vertex -7.45891421526205 0.783963474507401 1
      vertex -7.336107005503543 1.5593376811331952 6
      vertex -7.336107005503543 1.5593376811331952 1
    endloop
  endfacet
  facet normal -0.965925826289068 0.2588190451025218 0
    outer loop
      vertex -7.336107005503543 1.5593376811331952 1
      vertex -7.132923872213651 2.3176274578121054 6
      vertex -7.132923872213651 2.3176274578121054 1
    endloop
  endfacet
  facet normal -0.933580426497202 0.3583679495452997 0
    outer loop
      vertex -7.132923872213651 2.3176274578121054 1
      vertex -6.851590932319507 3.0505248230685016 6
      vertex -6.851590932319507 3.0505248230685016 1
    endloop
  endfacet
  facet normal -0.8910065241883675 0.4539904997395476 0
    outer loop
      vertex -6.851590932319507 3.0505248230685016 1
      vertex -6.495190528383289 3.75 6
      vertex -6.495190528383289 3.75 1
    endloop
  endfacet
  facet normal -0.9986295347545738 0.052335956242943855 0
    outer loop
      vertex -7.5 0 1
      vertex -7.5 0 6
      vertex -7.45891421526205 0.783963474507401 6
    endloop
  endfacet
  facet normal -0.9876883405951378 0.15643446504023034 0
    outer loop
      vertex -7.45891421526205 0.783963474507401 1
      vertex -7.45891421526205 0.783963474507401 6
      vertex -7.336107005503543 1.5593376811331952 6
    endloop
  endfacet
  facet normal -0.965925826289068 0.2588190451025218 0
    outer loop
      vertex -7.336107005503543 1.5593376811331952 1
      vertex -7.336107005503543 1.5593376811331952 6
      vertex -7.132923872213651 2.3176274578121054 6
    endloop
  endfacet
  facet normal -0.933580426497202 0.3583679495452997 0
    outer loop
      vertex -7.132923872213651 2.3176274578121054 1
      vertex -7.132923872213651 2.3176274578121054 6
      vertex -6.851590932319507 3.0505248230685016 6
    endloop
  endfacet
  facet normal -0.8910065241883675 0.4539904997395476 0
    outer loop
      vertex -6.851590932319507 3.0505248230685016 1
      vertex -6.851590932319507 3.0505248230685016 6
      vertex -6.495190528383289 3.75 6
    endloop
  endfacet
  facet normal -0.8386705679454247 0.5446390350150259 0
    outer loop
      vertex -6.495190528383289 3.75 1
      vertex -6.067627457812106 4.408389392193548 6
      vertex -6.067627457812106 4.408389392193548 1
    endloop
  endfacet
  facet normal -0.7771459614569705 0.629320391049838 0
    outer loop
      vertex -6.067627457812106 4.408389392193548 1
      vertex -5.573586191080457 5.018479547691436 6
      vertex -5.573586191080457 5.018479547691436 1
    endloop
  endfacet
  facet normal -0.7071067811865476 0.7071067811865476 0
    outer loop
      vertex -5.573586191080457 5.018479547691436 1
      vertex -5.018479547691436 5.573586191080457 6
      vertex -5.018479547691436 5.573586191080457 1
    endloop
  endfacet
  facet normal -0.629320391049838 0.7771459614569705 0
    outer loop
      vertex -5.018479547691436 5.573586191080457 1
      vertex -5.018479547691436 5.573586191080457 6
      vertex -4.408389392193548 6.067627457812106 1
    endloop
  endfacet
  facet normal -0.5446390350150259 0.8386705679454247 0
    outer loop
      vertex -4.408389392193548 6.067627457812106 1
      vertex -4.408389392193548 6.067627457812106 6
      vertex -3.75 6.495190528383289 1
    endloop
  endfacet
  facet normal -0.8386705679454247 0.5446390350150259 0
    outer loop
      vertex -6.495190528383289 3.75 1
      vertex -6.495190528383289 3.75 6
      vertex -6.067627457812106 4.408389392193548 6
    endloop
  endfacet
  facet normal -0.7771459614569705 0.629320391049838 0
    outer loop
      vertex -6.067627457812106 4.408389392193548 1
      vertex -6.067627457812106 4.408389392193548 6
      vertex -5.573586191080457 5.018479547691436 6
    endloop
  endfacet
  facet normal -0.7071067811865476 0.7071067811865476 0
    outer loop
      vertex -5.573586191080457 5.018479547691436 1
      vertex -5.573586191080457 5.018479547691436 6
      vertex -5.018479547691436 5.573586191080457 6
    endloop
  endfacet
  facet normal -0.629320391049838 0.7771459614569705 0
    outer loop
      vertex -4.408389392193548 6.067627457812106 1
      vertex -5.018479547691436 5.573586191080457 6
      vertex -4.408389392193548 6.067627457812106 6
    endloop
  endfacet
  facet normal -0.5446390350150259 0.8386705679454247 0
    outer loop
      vertex -4.408389392193548 6.067627457812106 6
      vertex -3.75 6.495190528383289 6
      vertex -3.75 6.495190528383289 1
    endloop
  endfacet
  facet normal -0.4539904997395476 0.8910065241883675 0
    outer loop
      vertex -3.75 6.495190528383289 1
      vertex -3.75 6.495190528383289 6
      vertex -3.0505248230685016 6.851590932319507 1
    endloop
  endfacet
  facet normal -0.3583679495452997 0.933580426497202 0
    outer loop
      vertex -3.0505248230685016 6.851590932319507 1
      vertex -3.0505248230685016 6.851590932319507 6
      vertex -2.3176274578121054 7.132923872213651 1
    endloop
  endfacet
  facet normal -0.2588190451025218 0.965925826289068 0
    outer loop
      vertex -2.3176274578121054 7.132923872213651 1
      vertex -2.3176274578121054 7.132923872213651 6
      vertex -1.5593376811331952 7.336107005503543 1
    endloop
  endfacet
  facet normal -0.15643446504023034 0.9876883405951378 0
    outer loop
      vertex -1.5593376811331952 7.336107005503543 1
      vertex -1.5593376811331952 7.336107005503543 6
      vertex -0.783963474507401 7.45891421526205 1
    endloop
  endfacet
  facet normal -0.052335956242943855 0.9986295347545738 0
    outer loop
      vertex -0.783963474507401 7.45891421526205 1
      vertex -0.783963474507401 7.45891421526205 6
      vertex 0 7.5 1
    endloop
  endfacet
  facet normal -0.4539904997395476 0.8910065241883675 0
    outer loop
      vertex -3.0505248230685016 6.851590932319507 1
      vertex -3.75 6.495190528383289 6
      vertex -3.0505248230685016 6.851590932319507 6
    endloop
  endfacet
  facet normal -0.3583679495452997 0.933580426497202 0
    outer loop
      vertex -2.3176274578121054 7.132923872213651 1
      vertex -3.0505248230685016 6.851590932319507 6
      vertex -2.3176274578121054 7.132923872213651 6
    endloop
  endfacet
  facet normal -0.2588190451025218 0.965925826289068 0
    outer loop
      vertex -1.5593376811331952 7.336107005503543 1
      vertex -2.3176274578121054 7.132923872213651 6
      vertex -1.5593376811331952 7.336107005503543 6
    endloop
  endfacet
  facet normal -0.15643446504023034 0.9876883405951378 0
    outer loop
      vertex -0.783963474507401 7.45891421526205 1
      vertex -1.5593376811331952 7.336107005503543 6
      vertex -0.783963474507401 7.45891421526205 6
    endloop
  endfacet
  facet normal -0.052335956242943855 0.9986295347545738 0
    outer loop
      vertex -0.783963474507401 7.45891421526205 6
      vertex 0 7.5 6
      vertex 0 7.5 1
    endloop
  endfacet
  facet normal 0.052335956242943855 -0.9986295347545738 0
    outer loop
      vertex 0 -7.5 1
      vertex 0.783963474507401 -7.45891421526205 1
      vertex 0.783963474507401 -7.45891421526205 6
    endloop
  endfacet
  facet normal 0.15643446504023034 -0.9876883405951378 0
    outer loop
      vertex 0.783963474507401 -7.45891421526205 1
      vertex 1.5593376811331952 -7.336107005503543 1
      vertex 1.5593376811331952 -7.336107005503543 6
    endloop
  endfacet
  facet normal 0.2588190451025218 -0.965925826289068 0
    outer loop
      vertex 1.5593376811331952 -7.336107005503543 1
      vertex 2.3176274578121054 -7.132923872213651 1
      vertex 2.3176274578121054 -7.132923872213651 6
    endloop
  endfacet
  facet normal 0.3583679495452997 -0.933580426497202 0
    outer loop
      vertex 2.3176274578121054 -7.132923872213651 1
      vertex 3.0505248230685016 -6.851590932319507 1
      vertex 3.0505248230685016 -6.851590932319507 6
    endloop
  endfacet
  facet normal 0.4539904997395476 -0.8910065241883675 0
    outer loop
      vertex 3.0505248230685016 -6.851590932319507 1
      vertex 3.75 -6.495190528383289 1
      vertex 3.75 -6.495190528383289 6
    endloop
  endfacet
  facet normal 0.052335956242943855 -0.9986295347545738 0
    outer loop
      vertex 0 -7.5 1
      vertex 0.783963474507401 -7.45891421526205 6
      vertex 0 -7.5 6
    endloop
  endfacet
  facet normal 0.15643446504023034 -0.9876883405951378 0
    outer loop
      vertex 0.783963474507401 -7.45891421526205 1
      vertex 1.5593376811331952 -7.336107005503543 6
      vertex 0.783963474507401 -7.45891421526205 6
    endloop
  endfacet
  facet normal 0.2588190451025218 -0.965925826289068 0
    outer loop
      vertex 1.5593376811331952 -7.336107005503543 1
      vertex 2.3176274578121054 -7.132923872213651 6
      vertex 1.5593376811331952 -7.336107005503543 6
    endloop
  endfacet
  facet normal 0.3583679495452997 -0.933580426497202 0
    outer loop
      vertex 2.3176274578121054 -7.132923872213651 1
      vertex 3.0505248230685016 -6.851590932319507 6
      vertex 2.3176274578121054 -7.132923872213651 6
    endloop
  endfacet
  facet normal 0.4539904997395476 -0.8910065241883675 0
    outer loop
      vertex 3.0505248230685016 -6.851590932319507 1
      vertex 3.75 -6.495190528383289 6
      vertex 3.0505248230685016 -6.851590932319507 6
    endloop
  endfacet
  facet normal 0.5446390350150259 -0.8386705679454247 0
    outer loop
      vertex 3.75 -6.495190528383289 1
      vertex 4.408389392193548 -6.067627457812106 1
      vertex 4.408389392193548 -6.067627457812106 6
    endloop
  endfacet
  facet normal 0.629320391049838 -0.7771459614569705 0
    outer loop
      vertex 4.408389392193548 -6.067627457812106 1
      vertex 5.018479547691436 -5.573586191080457 1
      vertex 5.018479547691436 -5.573586191080457 6
    endloop
  endfacet
  facet normal 0.7071067811865476 -0.7071067811865476 0
    outer loop
      vertex 5.018479547691436 -5.573586191080457 1
      vertex 5.573586191080457 -5.018479547691436 1
      vertex 5.018479547691436 -5.573586191080457 6
    endloop
  endfacet
  facet normal 0.7771459614569705 -0.629320391049838 0
    outer loop
      vertex 5.573586191080457 -5.018479547691436 1
      vertex 6.067627457812106 -4.408389392193548 1
      vertex 5.573586191080457 -5.018479547691436 6
    endloop
  endfacet
  facet normal 0.8386705679454247 -0.5446390350150259 0
    outer loop
      vertex 6.067627457812106 -4.408389392193548 1
      vertex 6.495190528383289 -3.75 1
      vertex 6.067627457812106 -4.408389392193548 6
    endloop
  endfacet
  facet normal 0.5446390350150259 -0.8386705679454247 0
    outer loop
      vertex 3.75 -6.495190528383289 1
      vertex 4.408389392193548 -6.067627457812106 6
      vertex 3.75 -6.495190528383289 6
    endloop
  endfacet
  facet normal 0.629320391049838 -0.7771459614569705 0
    outer loop
      vertex 4.408389392193548 -6.067627457812106 1
      vertex 5.018479547691436 -5.573586191080457 6
      vertex 4.408389392193548 -6.067627457812106 6
    endloop
  endfacet
  facet normal 0.7071067811865476 -0.7071067811865476 0
    outer loop
      vertex 5.573586191080457 -5.018479547691436 1
      vertex 5.573586191080457 -5.018479547691436 6
      vertex 5.018479547691436 -5.573586191080457 6
    endloop
  endfacet
  facet normal 0.7771459614569705 -0.629320391049838 0
    outer loop
      vertex 6.067627457812106 -4.408389392193548 1
      vertex 6.067627457812106 -4.408389392193548 6
      vertex 5.573586191080457 -5.018479547691436 6
    endloop
  endfacet
  facet normal 0.8386705679454247 -0.5446390350150259 0
    outer loop
      vertex 6.067627457812106 -4.408389392193548 6
      vertex 6.495190528383289 -3.75 1
      vertex 6.495190528383289 -3.75 6
    endloop
  endfacet
  facet normal 0.8910065241883675 -0.4539904997395476 0
    outer loop
      vertex 6.495190528383289 -3.75 1
      vertex 6.851590932319507 -3.0505248230685016 1
      vertex 6.495190528383289 -3.75 6
    endloop
  endfacet
  facet normal 0.933580426497202 -0.3583679495452997 0
    outer loop
      vertex 6.851590932319507 -3.0505248230685016 1
      vertex 7.132923872213651 -2.3176274578121054 1
      vertex 6.851590932319507 -3.0505248230685016 6
    endloop
  endfacet
  facet normal 0.965925826289068 -0.2588190451025218 0
    outer loop
      vertex 7.132923872213651 -2.3176274578121054 1
      vertex 7.336107005503543 -1.5593376811331952 1
      vertex 7.132923872213651 -2.3176274578121054 6
    endloop
  endfacet
  facet normal 0.9876883405951378 -0.15643446504023034 0
    outer loop
      vertex 7.336107005503543 -1.5593376811331952 1
      vertex 7.45891421526205 -0.783963474507401 1
      vertex 7.336107005503543 -1.5593376811331952 6
    endloop
  endfacet
  facet normal 0.9986295347545738 -0.052335956242943855 0
    outer loop
      vertex 7.45891421526205 -0.783963474507401 1
      vertex 7.5 0 1
      vertex 7.45891421526205 -0.783963474507401 6
    endloop
  endfacet
  facet normal 0.8910065241883675 -0.4539904997395476 0
    outer loop
      vertex 6.851590932319507 -3.0505248230685016 1
      vertex 6.851590932319507 -3.0505248230685016 6
      vertex 6.495190528383289 -3.75 6
    endloop
  endfacet
  facet normal 0.933580426497202 -0.3583679495452997 0
    outer loop
      vertex 7.132923872213651 -2.3176274578121054 1
      vertex 7.132923872213651 -2.3176274578121054 6
      vertex 6.851590932319507 -3.0505248230685016 6
    endloop
  endfacet
  facet normal 0.965925826289068 -0.2588190451025218 0
    outer loop
      vertex 7.336107005503543 -1.5593376811331952 1
      vertex 7.336107005503543 -1.5593376811331952 6
      vertex 7.132923872213651 -2.3176274578121054 6
    endloop
  endfacet
  facet normal 0.9876883405951378 -0.15643446504023034 0
    outer loop
      vertex 7.45891421526205 -0.783963474507401 1
      vertex 7.45891421526205 -0.783963474507401 6
      vertex 7.336107005503543 -1.5593376811331952 6
    endloop
  endfacet
  facet normal 0.9986295347545738 -0.052335956242943855 0
    outer loop
      vertex 7.45891421526205 -0.783963474507401 6
      vertex 7.5 0 1
      vertex 7.5 0 6
    endloop
  endfacet
  facet normal 0.052335956242943855 0.9986295347545738 0
    outer loop
      vertex 0 7.5 1
      vertex 0 7.5 6
      vertex 0.783963474507401 7.45891421526205 1
    endloop
  endfacet
  facet normal 0.15643446504023034 0.9876883405951378 0
    outer loop
      vertex 0.783963474507401 7.45891421526205 1
      vertex 0.783963474507401 7.45891421526205 6
      vertex 1.5593376811331952 7.336107005503543 1
    endloop
  endfacet
  facet normal 0.2588190451025218 0.965925826289068 0
    outer loop
      vertex 1.5593376811331952 7.336107005503543 1
      vertex 1.5593376811331952 7.336107005503543 6
      vertex 2.3176274578121054 7.132923872213651 1
    endloop
  endfacet
  facet normal 0.3583679495452997 0.933580426497202 0
    outer loop
      vertex 2.3176274578121054 7.132923872213651 1
      vertex 2.3176274578121054 7.132923872213651 6
      vertex 3.0505248230685016 6.851590932319507 1
    endloop
  endfacet
  facet normal 0.4539904997395476 0.8910065241883675 0
    outer loop
      vertex 3.0505248230685016 6.851590932319507 1
      vertex 3.0505248230685016 6.851590932319507 6
      vertex 3.75 6.495190528383289 1
    endloop
  endfacet
  facet normal 0.052335956242943855 0.9986295347545738 0
    outer loop
      vertex 0.783963474507401 7.45891421526205 1
      vertex 0 7.5 6
      vertex 0.783963474507401 7.45891421526205 6
    endloop
  endfacet
  facet normal 0.15643446504023034 0.9876883405951378 0
    outer loop
      vertex 1.5593376811331952 7.336107005503543 1
      vertex 0.783963474507401 7.45891421526205 6
      vertex 1.5593376811331952 7.336107005503543 6
    endloop
  endfacet
  facet normal 0.2588190451025218 0.965925826289068 0
    outer loop
      vertex 2.3176274578121054 7.132923872213651 1
      vertex 1.5593376811331952 7.336107005503543 6
      vertex 2.3176274578121054 7.132923872213651 6
    endloop
  endfacet
  facet normal 0.3583679495452997 0.933580426497202 0
    outer loop
      vertex 3.0505248230685016 6.851590932319507 1
      vertex 2.3176274578121054 7.132923872213651 6
      vertex 3.0505248230685016 6.851590932319507 6
    endloop
  endfacet
  facet normal 0.4539904997395476 0.8910065241883675 0
    outer loop
      vertex 3.0505248230685016 6.851590932319507 6
      vertex 3.75 6.495190528383289 6
      vertex 3.75 6.495190528383289 1
    endloop
  endfacet
  facet normal 0.9986295347545738 0.052335956242943855 0
    outer loop
      vertex 7.5 0 1
      vertex 7.45891421526205 0.783963474507401 1
      vertex 7.5 0 6
    endloop
  endfacet
  facet normal 0.9876883405951378 0.15643446504023034 0
    outer loop
      vertex 7.45891421526205 0.783963474507401 1
      vertex 7.336107005503543 1.5593376811331952 1
      vertex 7.45891421526205 0.783963474507401 6
    endloop
  endfacet
  facet normal 0.965925826289068 0.2588190451025218 0
    outer loop
      vertex 7.336107005503543 1.5593376811331952 1
      vertex 7.132923872213651 2.3176274578121054 1
      vertex 7.336107005503543 1.5593376811331952 6
    endloop
  endfacet
  facet normal 0.933580426497202 0.3583679495452997 0
    outer loop
      vertex 7.132923872213651 2.3176274578121054 1
      vertex 6.851590932319507 3.0505248230685016 1
      vertex 7.132923872213651 2.3176274578121054 6
    endloop
  endfacet
  facet normal 0.8910065241883675 0.4539904997395476 0
    outer loop
      vertex 6.851590932319507 3.0505248230685016 1
      vertex 6.495190528383289 3.75 1
      vertex 6.851590932319507 3.0505248230685016 6
    endloop
  endfacet
  facet normal 0.9986295347545738 0.052335956242943855 0
    outer loop
      vertex 7.45891421526205 0.783963474507401 1
      vertex 7.45891421526205 0.783963474507401 6
      vertex 7.5 0 6
    endloop
  endfacet
  facet normal 0.9876883405951378 0.15643446504023034 0
    outer loop
      vertex 7.336107005503543 1.5593376811331952 1
      vertex 7.336107005503543 1.5593376811331952 6
      vertex 7.45891421526205 0.783963474507401 6
    endloop
  endfacet
  facet normal 0.933580426497202 0.3583679495452997 0
    outer loop
      vertex 6.851590932319507 3.0505248230685016 1
      vertex 6.851590932319507 3.0505248230685016 6
      vertex 7.132923872213651 2.3176274578121054 6
    endloop
  endfacet
  facet normal 0.965925826289068 0.2588190451025218 0
    outer loop
      vertex 7.132923872213651 2.3176274578121054 1
      vertex 7.132923872213651 2.3176274578121054 6
      vertex 7.336107005503543 1.5593376811331952 6
    endloop
  endfacet
  facet normal 0.8910065241883675 0.4539904997395476 0
    outer loop
      vertex 6.851590932319507 3.0505248230685016 6
      vertex 6.495190528383289 3.75 1
      vertex 6.495190528383289 3.75 6
    endloop
  endfacet
  facet normal 0.7071067811865476 0.7071067811865476 0
    outer loop
      vertex 5.018479547691436 5.573586191080457 1
      vertex 5.573586191080457 5.018479547691436 6
      vertex 5.573586191080457 5.018479547691436 1
    endloop
  endfacet
  facet normal 0.5446390350150259 0.8386705679454247 0
    outer loop
      vertex 3.75 6.495190528383289 1
      vertex 3.75 6.495190528383289 6
      vertex 4.408389392193548 6.067627457812106 1
    endloop
  endfacet
  facet normal 0.629320391049838 0.7771459614569705 0
    outer loop
      vertex 5.018479547691436 5.573586191080457 1
      vertex 4.408389392193548 6.067627457812106 1
      vertex 4.408389392193548 6.067627457812106 6
    endloop
  endfacet
  facet normal 0.7771459614569705 0.629320391049838 0
    outer loop
      vertex 5.573586191080457 5.018479547691436 1
      vertex 6.067627457812106 4.408389392193548 6
      vertex 6.067627457812106 4.408389392193548 1
    endloop
  endfacet
  facet normal 0.8386705679454247 0.5446390350150259 0
    outer loop
      vertex 6.067627457812106 4.408389392193548 1
      vertex 6.495190528383289 3.75 6
      vertex 6.495190528383289 3.75 1
    endloop
  endfacet
  facet normal 0.7071067811865476 0.7071067811865476 0
    outer loop
      vertex 5.018479547691436 5.573586191080457 1
      vertex 5.018479547691436 5.573586191080457 6
      vertex 5.573586191080457 5.018479547691436 6
    endloop
  endfacet
  facet normal 0.5446390350150259 0.8386705679454247 0
    outer loop
      vertex 4.408389392193548 6.067627457812106 1
      vertex 3.75 6.495190528383289 6
      vertex 4.408389392193548 6.067627457812106 6
    endloop
  endfacet
  facet normal 0.629320391049838 0.7771459614569705 0
    outer loop
      vertex 5.018479547691436 5.573586191080457 1
      vertex 4.408389392193548 6.067627457812106 6
      vertex 5.018479547691436 5.573586191080457 6
    endloop
  endfacet
  facet normal 0.8386705679454247 0.5446390350150259 0
    outer loop
      vertex 6.067627457812106 4.408389392193548 1
      vertex 6.067627457812106 4.408389392193548 6
      vertex 6.495190528383289 3.75 6
    endloop
  endfacet
  facet normal 0.7771459614569705 0.629320391049838 0
    outer loop
      vertex 5.573586191080457 5.018479547691436 1
      vertex 5.573586191080457 5.018479547691436 6
      vertex 6.067627457812106 4.408389392193548 6
    endloop
  endfacet
  facet normal -0.7788332092847375 -0.5057801999438929 0.37095177780939653
    outer loop
      vertex -6.067627457812106 -4.408389392193548 6
      vertex -4.449593469062211 -3.232818887608602 11
      vertex -6.495190528383289 -3.75 6
    endloop
  endfacet
  facet normal -0.5057801999438929 -0.7788332092847375 0.37095177780939653
    outer loop
      vertex -4.408389392193548 -6.067627457812106 6
      vertex -3.75 -6.495190528383289 6
      vertex -3.232818887608602 -4.449593469062211 11
    endloop
  endfacet
  facet normal -0.6566562184811959 -0.6566562184811959 0.3709517778093966
    outer loop
      vertex -5.573586191080457 -5.018479547691436 6
      vertex -5.018479547691436 -5.573586191080457 6
      vertex -3.6802183349737203 -4.087296540125668 11
    endloop
  endfacet
  facet normal -0.7216982524222695 -0.5844197215962945 0.3709517778093966
    outer loop
      vertex -6.067627457812106 -4.408389392193548 6
      vertex -5.573586191080457 -5.018479547691436 6
      vertex -4.087296540125668 -3.6802183349737203 11
    endloop
  endfacet
  facet normal -0.5844197215962945 -0.7216982524222695 0.3709517778093966
    outer loop
      vertex -4.408389392193548 -6.067627457812106 6
      vertex -3.6802183349737203 -4.087296540125668 11
      vertex -5.018479547691436 -5.573586191080457 6
    endloop
  endfacet
  facet normal -0.827435106524953 -0.4215992445795982 0.3709517778093965
    outer loop
      vertex -6.851590932319507 -3.0505248230685016 6
      vertex -6.495190528383289 -3.75 6
      vertex -4.763139720814412 -2.75 11
    endloop
  endfacet
  facet normal -0.8669714515861549 -0.3327991596663724 0.37095177780939664
    outer loop
      vertex -6.851590932319507 -3.0505248230685016 6
      vertex -5.024500017034304 -2.2370515369169013 11
      vertex -7.132923872213651 -2.3176274578121054 6
    endloop
  endfacet
  facet normal -0.8970090759983379 -0.24035285751714322 0.3709517778093966
    outer loop
      vertex -7.132923872213651 -2.3176274578121054 6
      vertex -5.230810839623344 -1.6995934690622108 11
      vertex -7.336107005503543 -1.5593376811331952 6
    endloop
  endfacet
  facet normal -0.9172188812626669 -0.14527319916388431 0.37095177780939653
    outer loop
      vertex -7.336107005503543 -1.5593376811331952 6
      vertex -5.379811804035931 -1.1435142994976764 11
      vertex -7.45891421526205 -0.783963474507401 6
    endloop
  endfacet
  facet normal -0.9273794445234914 -0.04860189724021652 0.37095177780939664
    outer loop
      vertex -7.45891421526205 -0.783963474507401 6
      vertex -5.469870424525503 -0.5749065479720941 11
      vertex -7.5 0 6
    endloop
  endfacet
  facet normal -0.4215992445795982 -0.827435106524953 0.3709517778093965
    outer loop
      vertex -3.0505248230685016 -6.851590932319507 6
      vertex -2.75 -4.763139720814412 11
      vertex -3.75 -6.495190528383289 6
    endloop
  endfacet
  facet normal -0.3327991596663724 -0.8669714515861549 0.37095177780939664
    outer loop
      vertex -3.0505248230685016 -6.851590932319507 6
      vertex -2.3176274578121054 -7.132923872213651 6
      vertex -2.2370515369169013 -5.024500017034304 11
    endloop
  endfacet
  facet normal -0.24035285751714322 -0.8970090759983379 0.3709517778093966
    outer loop
      vertex -2.3176274578121054 -7.132923872213651 6
      vertex -1.5593376811331952 -7.336107005503543 6
      vertex -1.6995934690622108 -5.230810839623344 11
    endloop
  endfacet
  facet normal -0.14527319916388431 -0.9172188812626669 0.37095177780939653
    outer loop
      vertex -1.5593376811331952 -7.336107005503543 6
      vertex -0.783963474507401 -7.45891421526205 6
      vertex -1.1435142994976764 -5.379811804035931 11
    endloop
  endfacet
  facet normal -0.04860189724021652 -0.9273794445234914 0.37095177780939664
    outer loop
      vertex -0.783963474507401 -7.45891421526205 6
      vertex 0 -7.5 6
      vertex -0.5749065479720941 -5.469870424525503 11
    endloop
  endfacet
  facet normal -0.7216982524222694 -0.5844197215962944 0.3709517778093966
    outer loop
      vertex -6.067627457812106 -4.408389392193548 6
      vertex -4.087296540125668 -3.6802183349737203 11
      vertex -4.449593469062211 -3.232818887608602 11
    endloop
  endfacet
  facet normal -0.5844197215962944 -0.7216982524222694 0.3709517778093966
    outer loop
      vertex -4.408389392193548 -6.067627457812106 6
      vertex -3.232818887608602 -4.449593469062211 11
      vertex -3.6802183349737203 -4.087296540125668 11
    endloop
  endfacet
  facet normal -0.6566562184811959 -0.6566562184811959 0.37095177780939653
    outer loop
      vertex -5.573586191080457 -5.018479547691436 6
      vertex -3.6802183349737203 -4.087296540125668 11
      vertex -4.087296540125668 -3.6802183349737203 11
    endloop
  endfacet
  facet normal -0.8669714515861547 -0.33279915966637263 0.37095177780939653
    outer loop
      vertex -7.132923872213651 -2.3176274578121054 6
      vertex -5.024500017034304 -2.2370515369169013 11
      vertex -5.230810839623344 -1.6995934690622108 11
    endloop
  endfacet
  facet normal -0.8970090759983379 -0.24035285751714325 0.37095177780939664
    outer loop
      vertex -7.336107005503543 -1.5593376811331952 6
      vertex -5.230810839623344 -1.6995934690622108 11
      vertex -5.379811804035931 -1.1435142994976764 11
    endloop
  endfacet
  facet normal -0.9172188812626672 -0.1452731991638838 0.3709517778093967
    outer loop
      vertex -7.45891421526205 -0.783963474507401 6
      vertex -5.379811804035931 -1.1435142994976764 11
      vertex -5.469870424525503 -0.5749065479720941 11
    endloop
  endfacet
  facet normal -0.9273794445234914 -0.048601897240217094 0.3709517778093966
    outer loop
      vertex -5.469870424525503 -0.5749065479720941 11
      vertex -5.5 0 11
      vertex -7.5 0 6
    endloop
  endfacet
  facet normal -0.7788332092847372 -0.5057801999438933 0.3709517778093964
    outer loop
      vertex -6.495190528383289 -3.75 6
      vertex -4.449593469062211 -3.232818887608602 11
      vertex -4.763139720814412 -2.75 11
    endloop
  endfacet
  facet normal -0.8274351065249533 -0.42159924457959724 0.3709517778093966
    outer loop
      vertex -6.851590932319507 -3.0505248230685016 6
      vertex -4.763139720814412 -2.75 11
      vertex -5.024500017034304 -2.2370515369169013 11
    endloop
  endfacet
  facet normal -0.33279915966637263 -0.8669714515861547 0.37095177780939653
    outer loop
      vertex -2.3176274578121054 -7.132923872213651 6
      vertex -1.6995934690622108 -5.230810839623344 11
      vertex -2.2370515369169013 -5.024500017034304 11
    endloop
  endfacet
  facet normal -0.5057801999438933 -0.7788332092847372 0.3709517778093964
    outer loop
      vertex -3.75 -6.495190528383289 6
      vertex -2.75 -4.763139720814412 11
      vertex -3.232818887608602 -4.449593469062211 11
    endloop
  endfacet
  facet normal -0.42159924457959724 -0.8274351065249533 0.3709517778093966
    outer loop
      vertex -3.0505248230685016 -6.851590932319507 6
      vertex -2.2370515369169013 -5.024500017034304 11
      vertex -2.75 -4.763139720814412 11
    endloop
  endfacet
  facet normal -0.24035285751714325 -0.8970090759983379 0.37095177780939664
    outer loop
      vertex -1.5593376811331952 -7.336107005503543 6
      vertex -1.1435142994976764 -5.379811804035931 11
      vertex -1.6995934690622108 -5.230810839623344 11
    endloop
  endfacet
  facet normal -0.1452731991638838 -0.9172188812626672 0.3709517778093967
    outer loop
      vertex -0.783963474507401 -7.45891421526205 6
      vertex -0.5749065479720941 -5.469870424525503 11
      vertex -1.1435142994976764 -5.379811804035931 11
    endloop
  endfacet
  facet normal -0.048601897240217094 -0.9273794445234914 0.3709517778093966
    outer loop
      vertex -0.5749065479720941 -5.469870424525503 11
      vertex 0 -7.5 6
      vertex 0 -5.5 11
    endloop
  endfacet
  facet normal -0.9273794445234914 0.04860189724021652 0.37095177780939664
    outer loop
      vertex -7.5 0 6
      vertex -5.469870424525503 0.5749065479720941 11
      vertex -7.45891421526205 0.783963474507401 6
    endloop
  endfacet
  facet normal -0.9172188812626669 0.14527319916388431 0.37095177780939653
    outer loop
      vertex -7.45891421526205 0.783963474507401 6
      vertex -5.379811804035931 1.1435142994976764 11
      vertex -7.336107005503543 1.5593376811331952 6
    endloop
  endfacet
  facet normal -0.8970090759983379 0.24035285751714322 0.3709517778093966
    outer loop
      vertex -7.336107005503543 1.5593376811331952 6
      vertex -5.230810839623344 1.6995934690622108 11
      vertex -7.132923872213651 2.3176274578121054 6
    endloop
  endfacet
  facet normal -0.8669714515861549 0.3327991596663724 0.37095177780939664
    outer loop
      vertex -7.132923872213651 2.3176274578121054 6
      vertex -5.024500017034304 2.2370515369169013 11
      vertex -6.851590932319507 3.0505248230685016 6
    endloop
  endfacet
  facet normal -0.827435106524953 0.4215992445795982 0.3709517778093965
    outer loop
      vertex -6.851590932319507 3.0505248230685016 6
      vertex -4.763139720814412 2.75 11
      vertex -6.495190528383289 3.75 6
    endloop
  endfacet
  facet normal -0.7788332092847375 0.5057801999438929 0.37095177780939653
    outer loop
      vertex -6.495190528383289 3.75 6
      vertex -4.449593469062211 3.232818887608602 11
      vertex -6.067627457812106 4.408389392193548 6
    endloop
  endfacet
  facet normal -0.7216982524222695 0.5844197215962945 0.3709517778093966
    outer loop
      vertex -6.067627457812106 4.408389392193548 6
      vertex -4.087296540125668 3.6802183349737203 11
      vertex -5.573586191080457 5.018479547691436 6
    endloop
  endfacet
  facet normal -0.6566562184811959 0.6566562184811959 0.3709517778093966
    outer loop
      vertex -5.573586191080457 5.018479547691436 6
      vertex -3.6802183349737203 4.087296540125668 11
      vertex -5.018479547691436 5.573586191080457 6
    endloop
  endfacet
  facet normal -0.5844197215962945 0.7216982524222695 0.37095177780939664
    outer loop
      vertex -5.018479547691436 5.573586191080457 6
      vertex -3.6802183349737203 4.087296540125668 11
      vertex -4.408389392193548 6.067627457812106 6
    endloop
  endfacet
  facet normal -0.5057801999438929 0.7788332092847375 0.37095177780939653
    outer loop
      vertex -4.408389392193548 6.067627457812106 6
      vertex -3.232818887608602 4.449593469062211 11
      vertex -3.75 6.495190528383289 6
    endloop
  endfacet
  facet normal -0.4215992445795982 0.827435106524953 0.37095177780939653
    outer loop
      vertex -3.75 6.495190528383289 6
      vertex -2.75 4.763139720814412 11
      vertex -3.0505248230685016 6.851590932319507 6
    endloop
  endfacet
  facet normal -0.3327991596663724 0.8669714515861549 0.37095177780939664
    outer loop
      vertex -3.0505248230685016 6.851590932319507 6
      vertex -2.2370515369169013 5.024500017034304 11
      vertex -2.3176274578121054 7.132923872213651 6
    endloop
  endfacet
  facet normal -0.24035285751714322 0.8970090759983379 0.3709517778093966
    outer loop
      vertex -2.3176274578121054 7.132923872213651 6
      vertex -1.6995934690622108 5.230810839623344 11
      vertex -1.5593376811331952 7.336107005503543 6
    endloop
  endfacet
  facet normal -0.14527319916388431 0.9172188812626669 0.37095177780939653
    outer loop
      vertex -1.5593376811331952 7.336107005503543 6
      vertex -1.1435142994976764 5.379811804035931 11
      vertex -0.783963474507401 7.45891421526205 6
    endloop
  endfacet
  facet normal -0.04860189724021652 0.9273794445234914 0.37095177780939664
    outer loop
      vertex -0.783963474507401 7.45891421526205 6
      vertex -0.5749065479720941 5.469870424525503 11
      vertex 0 7.5 6
    endloop
  endfacet
  facet normal -0.9273794445234914 0.048601897240217094 0.3709517778093966
    outer loop
      vertex -7.5 0 6
      vertex -5.5 0 11
      vertex -5.469870424525503 0.5749065479720941 11
    endloop
  endfacet
  facet normal -0.9172188812626672 0.1452731991638838 0.3709517778093967
    outer loop
      vertex -7.45891421526205 0.783963474507401 6
      vertex -5.469870424525503 0.5749065479720941 11
      vertex -5.379811804035931 1.1435142994976764 11
    endloop
  endfacet
  facet normal -0.8970090759983379 0.24035285751714325 0.37095177780939664
    outer loop
      vertex -7.336107005503543 1.5593376811331952 6
      vertex -5.379811804035931 1.1435142994976764 11
      vertex -5.230810839623344 1.6995934690622108 11
    endloop
  endfacet
  facet normal -0.8669714515861547 0.33279915966637263 0.37095177780939653
    outer loop
      vertex -7.132923872213651 2.3176274578121054 6
      vertex -5.230810839623344 1.6995934690622108 11
      vertex -5.024500017034304 2.2370515369169013 11
    endloop
  endfacet
  facet normal -0.8274351065249533 0.42159924457959724 0.3709517778093966
    outer loop
      vertex -6.851590932319507 3.0505248230685016 6
      vertex -5.024500017034304 2.2370515369169013 11
      vertex -4.763139720814412 2.75 11
    endloop
  endfacet
  facet normal -0.7788332092847372 0.5057801999438933 0.3709517778093964
    outer loop
      vertex -6.495190528383289 3.75 6
      vertex -4.763139720814412 2.75 11
      vertex -4.449593469062211 3.232818887608602 11
    endloop
  endfacet
  facet normal -0.7216982524222694 0.5844197215962944 0.3709517778093966
    outer loop
      vertex -6.067627457812106 4.408389392193548 6
      vertex -4.449593469062211 3.232818887608602 11
      vertex -4.087296540125668 3.6802183349737203 11
    endloop
  endfacet
  facet normal -0.6566562184811959 0.6566562184811959 0.37095177780939653
    outer loop
      vertex -5.573586191080457 5.018479547691436 6
      vertex -4.087296540125668 3.6802183349737203 11
      vertex -3.6802183349737203 4.087296540125668 11
    endloop
  endfacet
  facet normal -0.5844197215962944 0.7216982524222694 0.3709517778093966
    outer loop
      vertex -4.408389392193548 6.067627457812106 6
      vertex -3.6802183349737203 4.087296540125668 11
      vertex -3.232818887608602 4.449593469062211 11
    endloop
  endfacet
  facet normal -0.5057801999438933 0.7788332092847372 0.3709517778093964
    outer loop
      vertex -3.75 6.495190528383289 6
      vertex -3.232818887608602 4.449593469062211 11
      vertex -2.75 4.763139720814412 11
    endloop
  endfacet
  facet normal -0.42159924457959724 0.8274351065249533 0.3709517778093966
    outer loop
      vertex -3.0505248230685016 6.851590932319507 6
      vertex -2.75 4.763139720814412 11
      vertex -2.2370515369169013 5.024500017034304 11
    endloop
  endfacet
  facet normal -0.33279915966637263 0.8669714515861547 0.37095177780939653
    outer loop
      vertex -2.3176274578121054 7.132923872213651 6
      vertex -2.2370515369169013 5.024500017034304 11
      vertex -1.6995934690622108 5.230810839623344 11
    endloop
  endfacet
  facet normal -0.24035285751714325 0.8970090759983379 0.37095177780939664
    outer loop
      vertex -1.5593376811331952 7.336107005503543 6
      vertex -1.6995934690622108 5.230810839623344 11
      vertex -1.1435142994976764 5.379811804035931 11
    endloop
  endfacet
  facet normal -0.1452731991638838 0.9172188812626672 0.3709517778093967
    outer loop
      vertex -0.783963474507401 7.45891421526205 6
      vertex -1.1435142994976764 5.379811804035931 11
      vertex -0.5749065479720941 5.469870424525503 11
    endloop
  endfacet
  facet normal -0.048601897240217094 0.9273794445234914 0.3709517778093966
    outer loop
      vertex -0.5749065479720941 5.469870424525503 11
      vertex 0 5.5 11
      vertex 0 7.5 6
    endloop
  endfacet
  facet normal 0.04860189724021652 -0.9273794445234914 0.37095177780939664
    outer loop
      vertex 0 -7.5 6
      vertex 0.783963474507401 -7.45891421526205 6
      vertex 0.5749065479720941 -5.469870424525503 11
    endloop
  endfacet
  facet normal 0.14527319916388431 -0.9172188812626669 0.37095177780939653
    outer loop
      vertex 0.783963474507401 -7.45891421526205 6
      vertex 1.5593376811331952 -7.336107005503543 6
      vertex 1.1435142994976764 -5.379811804035931 11
    endloop
  endfacet
  facet normal 0.24035285751714322 -0.8970090759983379 0.3709517778093966
    outer loop
      vertex 1.5593376811331952 -7.336107005503543 6
      vertex 2.3176274578121054 -7.132923872213651 6
      vertex 1.6995934690622108 -5.230810839623344 11
    endloop
  endfacet
  facet normal 0.3327991596663724 -0.8669714515861549 0.37095177780939664
    outer loop
      vertex 2.3176274578121054 -7.132923872213651 6
      vertex 3.0505248230685016 -6.851590932319507 6
      vertex 2.2370515369169013 -5.024500017034304 11
    endloop
  endfacet
  facet normal 0.4215992445795982 -0.827435106524953 0.3709517778093965
    outer loop
      vertex 3.0505248230685016 -6.851590932319507 6
      vertex 3.75 -6.495190528383289 6
      vertex 2.75 -4.763139720814412 11
    endloop
  endfacet
  facet normal 0.5057801999438929 -0.7788332092847375 0.37095177780939653
    outer loop
      vertex 3.75 -6.495190528383289 6
      vertex 4.408389392193548 -6.067627457812106 6
      vertex 3.232818887608602 -4.449593469062211 11
    endloop
  endfacet
  facet normal 0.5844197215962945 -0.7216982524222695 0.3709517778093966
    outer loop
      vertex 4.408389392193548 -6.067627457812106 6
      vertex 5.018479547691436 -5.573586191080457 6
      vertex 3.6802183349737203 -4.087296540125668 11
    endloop
  endfacet
  facet normal 0.6566562184811959 -0.6566562184811959 0.3709517778093966
    outer loop
      vertex 5.018479547691436 -5.573586191080457 6
      vertex 5.573586191080457 -5.018479547691436 6
      vertex 3.6802183349737203 -4.087296540125668 11
    endloop
  endfacet
  facet normal 0.7216982524222695 -0.5844197215962945 0.37095177780939664
    outer loop
      vertex 5.573586191080457 -5.018479547691436 6
      vertex 6.067627457812106 -4.408389392193548 6
      vertex 4.087296540125668 -3.6802183349737203 11
    endloop
  endfacet
  facet normal 0.7788332092847375 -0.5057801999438929 0.37095177780939653
    outer loop
      vertex 6.067627457812106 -4.408389392193548 6
      vertex 6.495190528383289 -3.75 6
      vertex 4.449593469062211 -3.232818887608602 11
    endloop
  endfacet
  facet normal 0.827435106524953 -0.4215992445795982 0.37095177780939653
    outer loop
      vertex 6.495190528383289 -3.75 6
      vertex 6.851590932319507 -3.0505248230685016 6
      vertex 4.763139720814412 -2.75 11
    endloop
  endfacet
  facet normal 0.8669714515861549 -0.3327991596663724 0.37095177780939664
    outer loop
      vertex 6.851590932319507 -3.0505248230685016 6
      vertex 7.132923872213651 -2.3176274578121054 6
      vertex 5.024500017034304 -2.2370515369169013 11
    endloop
  endfacet
  facet normal 0.8970090759983379 -0.24035285751714322 0.3709517778093966
    outer loop
      vertex 7.132923872213651 -2.3176274578121054 6
      vertex 7.336107005503543 -1.5593376811331952 6
      vertex 5.230810839623344 -1.6995934690622108 11
    endloop
  endfacet
  facet normal 0.9172188812626669 -0.14527319916388431 0.37095177780939653
    outer loop
      vertex 7.336107005503543 -1.5593376811331952 6
      vertex 7.45891421526205 -0.783963474507401 6
      vertex 5.379811804035931 -1.1435142994976764 11
    endloop
  endfacet
  facet normal 0.9273794445234914 -0.04860189724021652 0.37095177780939664
    outer loop
      vertex 7.45891421526205 -0.783963474507401 6
      vertex 7.5 0 6
      vertex 5.469870424525503 -0.5749065479720941 11
    endloop
  endfacet
  facet normal 0.048601897240217094 -0.9273794445234914 0.3709517778093966
    outer loop
      vertex 0 -7.5 6
      vertex 0.5749065479720941 -5.469870424525503 11
      vertex 0 -5.5 11
    endloop
  endfacet
  facet normal 0.1452731991638838 -0.9172188812626672 0.3709517778093967
    outer loop
      vertex 0.783963474507401 -7.45891421526205 6
      vertex 1.1435142994976764 -5.379811804035931 11
      vertex 0.5749065479720941 -5.469870424525503 11
    endloop
  endfacet
  facet normal 0.24035285751714325 -0.8970090759983379 0.37095177780939664
    outer loop
      vertex 1.5593376811331952 -7.336107005503543 6
      vertex 1.6995934690622108 -5.230810839623344 11
      vertex 1.1435142994976764 -5.379811804035931 11
    endloop
  endfacet
  facet normal 0.33279915966637263 -0.8669714515861547 0.37095177780939653
    outer loop
      vertex 2.3176274578121054 -7.132923872213651 6
      vertex 2.2370515369169013 -5.024500017034304 11
      vertex 1.6995934690622108 -5.230810839623344 11
    endloop
  endfacet
  facet normal 0.42159924457959724 -0.8274351065249533 0.3709517778093966
    outer loop
      vertex 3.0505248230685016 -6.851590932319507 6
      vertex 2.75 -4.763139720814412 11
      vertex 2.2370515369169013 -5.024500017034304 11
    endloop
  endfacet
  facet normal 0.5057801999438933 -0.7788332092847372 0.3709517778093964
    outer loop
      vertex 3.75 -6.495190528383289 6
      vertex 3.232818887608602 -4.449593469062211 11
      vertex 2.75 -4.763139720814412 11
    endloop
  endfacet
  facet normal 0.5844197215962944 -0.7216982524222694 0.3709517778093966
    outer loop
      vertex 4.408389392193548 -6.067627457812106 6
      vertex 3.6802183349737203 -4.087296540125668 11
      vertex 3.232818887608602 -4.449593469062211 11
    endloop
  endfacet
  facet normal 0.6566562184811959 -0.6566562184811959 0.37095177780939653
    outer loop
      vertex 5.573586191080457 -5.018479547691436 6
      vertex 4.087296540125668 -3.6802183349737203 11
      vertex 3.6802183349737203 -4.087296540125668 11
    endloop
  endfacet
  facet normal 0.7216982524222694 -0.5844197215962944 0.3709517778093966
    outer loop
      vertex 6.067627457812106 -4.408389392193548 6
      vertex 4.449593469062211 -3.232818887608602 11
      vertex 4.087296540125668 -3.6802183349737203 11
    endloop
  endfacet
  facet normal 0.7788332092847372 -0.5057801999438933 0.3709517778093964
    outer loop
      vertex 6.495190528383289 -3.75 6
      vertex 4.763139720814412 -2.75 11
      vertex 4.449593469062211 -3.232818887608602 11
    endloop
  endfacet
  facet normal 0.8274351065249533 -0.42159924457959724 0.3709517778093966
    outer loop
      vertex 6.851590932319507 -3.0505248230685016 6
      vertex 5.024500017034304 -2.2370515369169013 11
      vertex 4.763139720814412 -2.75 11
    endloop
  endfacet
  facet normal 0.8669714515861547 -0.33279915966637263 0.37095177780939653
    outer loop
      vertex 7.132923872213651 -2.3176274578121054 6
      vertex 5.230810839623344 -1.6995934690622108 11
      vertex 5.024500017034304 -2.2370515369169013 11
    endloop
  endfacet
  facet normal 0.8970090759983379 -0.24035285751714325 0.37095177780939664
    outer loop
      vertex 7.336107005503543 -1.5593376811331952 6
      vertex 5.379811804035931 -1.1435142994976764 11
      vertex 5.230810839623344 -1.6995934690622108 11
    endloop
  endfacet
  facet normal 0.9172188812626672 -0.1452731991638838 0.3709517778093967
    outer loop
      vertex 7.45891421526205 -0.783963474507401 6
      vertex 5.469870424525503 -0.5749065479720941 11
      vertex 5.379811804035931 -1.1435142994976764 11
    endloop
  endfacet
  facet normal 0.9273794445234914 -0.048601897240217094 0.3709517778093966
    outer loop
      vertex 5.469870424525503 -0.5749065479720941 11
      vertex 7.5 0 6
      vertex 5.5 0 11
    endloop
  endfacet
  facet normal 0.04860189724021652 0.9273794445234914 0.37095177780939664
    outer loop
      vertex 0 7.5 6
      vertex 0.5749065479720941 5.469870424525503 11
      vertex 0.783963474507401 7.45891421526205 6
    endloop
  endfacet
  facet normal 0.14527319916388431 0.9172188812626669 0.37095177780939653
    outer loop
      vertex 0.783963474507401 7.45891421526205 6
      vertex 1.1435142994976764 5.379811804035931 11
      vertex 1.5593376811331952 7.336107005503543 6
    endloop
  endfacet
  facet normal 0.24035285751714322 0.8970090759983379 0.3709517778093966
    outer loop
      vertex 1.5593376811331952 7.336107005503543 6
      vertex 1.6995934690622108 5.230810839623344 11
      vertex 2.3176274578121054 7.132923872213651 6
    endloop
  endfacet
  facet normal 0.3327991596663724 0.8669714515861549 0.37095177780939664
    outer loop
      vertex 2.3176274578121054 7.132923872213651 6
      vertex 2.2370515369169013 5.024500017034304 11
      vertex 3.0505248230685016 6.851590932319507 6
    endloop
  endfacet
  facet normal 0.4215992445795982 0.827435106524953 0.3709517778093965
    outer loop
      vertex 3.0505248230685016 6.851590932319507 6
      vertex 2.75 4.763139720814412 11
      vertex 3.75 6.495190528383289 6
    endloop
  endfacet
  facet normal 0.9273794445234914 0.04860189724021652 0.37095177780939664
    outer loop
      vertex 7.5 0 6
      vertex 7.45891421526205 0.783963474507401 6
      vertex 5.469870424525503 0.5749065479720941 11
    endloop
  endfacet
  facet normal 0.9172188812626669 0.14527319916388431 0.37095177780939653
    outer loop
      vertex 7.45891421526205 0.783963474507401 6
      vertex 7.336107005503543 1.5593376811331952 6
      vertex 5.379811804035931 1.1435142994976764 11
    endloop
  endfacet
  facet normal 0.8970090759983379 0.24035285751714322 0.3709517778093966
    outer loop
      vertex 7.336107005503543 1.5593376811331952 6
      vertex 7.132923872213651 2.3176274578121054 6
      vertex 5.230810839623344 1.6995934690622108 11
    endloop
  endfacet
  facet normal 0.8669714515861549 0.3327991596663724 0.37095177780939664
    outer loop
      vertex 7.132923872213651 2.3176274578121054 6
      vertex 6.851590932319507 3.0505248230685016 6
      vertex 5.024500017034304 2.2370515369169013 11
    endloop
  endfacet
  facet normal 0.827435106524953 0.4215992445795982 0.3709517778093965
    outer loop
      vertex 6.851590932319507 3.0505248230685016 6
      vertex 6.495190528383289 3.75 6
      vertex 4.763139720814412 2.75 11
    endloop
  endfacet
  facet normal 0.5844197215962945 0.7216982524222695 0.37095177780939664
    outer loop
      vertex 5.018479547691436 5.573586191080457 6
      vertex 4.408389392193548 6.067627457812106 6
      vertex 3.6802183349737203 4.087296540125668 11
    endloop
  endfacet
  facet normal 0.7216982524222695 0.5844197215962945 0.37095177780939664
    outer loop
      vertex 5.573586191080457 5.018479547691436 6
      vertex 4.087296540125668 3.6802183349737203 11
      vertex 6.067627457812106 4.408389392193548 6
    endloop
  endfacet
  facet normal 0.6566562184811959 0.6566562184811959 0.3709517778093966
    outer loop
      vertex 5.018479547691436 5.573586191080457 6
      vertex 3.6802183349737203 4.087296540125668 11
      vertex 5.573586191080457 5.018479547691436 6
    endloop
  endfacet
  facet normal 0.5057801999438929 0.7788332092847375 0.37095177780939653
    outer loop
      vertex 3.75 6.495190528383289 6
      vertex 3.232818887608602 4.449593469062211 11
      vertex 4.408389392193548 6.067627457812106 6
    endloop
  endfacet
  facet normal 0.7788332092847375 0.5057801999438929 0.37095177780939653
    outer loop
      vertex 6.067627457812106 4.408389392193548 6
      vertex 4.449593469062211 3.232818887608602 11
      vertex 6.495190528383289 3.75 6
    endloop
  endfacet
  facet normal 0.048601897240217094 0.9273794445234914 0.3709517778093966
    outer loop
      vertex 0 7.5 6
      vertex 0 5.5 11
      vertex 0.5749065479720941 5.469870424525503 11
    endloop
  endfacet
  facet normal 0.1452731991638838 0.9172188812626672 0.3709517778093967
    outer loop
      vertex 0.783963474507401 7.45891421526205 6
      vertex 0.5749065479720941 5.469870424525503 11
      vertex 1.1435142994976764 5.379811804035931 11
    endloop
  endfacet
  facet normal 0.24035285751714325 0.8970090759983379 0.37095177780939664
    outer loop
      vertex 1.5593376811331952 7.336107005503543 6
      vertex 1.1435142994976764 5.379811804035931 11
      vertex 1.6995934690622108 5.230810839623344 11
    endloop
  endfacet
  facet normal 0.42159924457959724 0.8274351065249533 0.3709517778093966
    outer loop
      vertex 3.0505248230685016 6.851590932319507 6
      vertex 2.2370515369169013 5.024500017034304 11
      vertex 2.75 4.763139720814412 11
    endloop
  endfacet
  facet normal 0.5057801999438933 0.7788332092847372 0.3709517778093964
    outer loop
      vertex 3.75 6.495190528383289 6
      vertex 2.75 4.763139720814412 11
      vertex 3.232818887608602 4.449593469062211 11
    endloop
  endfacet
  facet normal 0.33279915966637263 0.8669714515861547 0.37095177780939653
    outer loop
      vertex 2.3176274578121054 7.132923872213651 6
      vertex 1.6995934690622108 5.230810839623344 11
      vertex 2.2370515369169013 5.024500017034304 11
    endloop
  endfacet
  facet normal 0.8274351065249533 0.42159924457959724 0.3709517778093966
    outer loop
      vertex 6.851590932319507 3.0505248230685016 6
      vertex 4.763139720814412 2.75 11
      vertex 5.024500017034304 2.2370515369169013 11
    endloop
  endfacet
  facet normal 0.7788332092847372 0.5057801999438933 0.3709517778093964
    outer loop
      vertex 6.495190528383289 3.75 6
      vertex 4.449593469062211 3.232818887608602 11
      vertex 4.763139720814412 2.75 11
    endloop
  endfacet
  facet normal 0.9273794445234914 0.048601897240217094 0.3709517778093966
    outer loop
      vertex 7.5 0 6
      vertex 5.469870424525503 0.5749065479720941 11
      vertex 5.5 0 11
    endloop
  endfacet
  facet normal 0.9172188812626672 0.1452731991638838 0.3709517778093967
    outer loop
      vertex 7.45891421526205 0.783963474507401 6
      vertex 5.379811804035931 1.1435142994976764 11
      vertex 5.469870424525503 0.5749065479720941 11
    endloop
  endfacet
  facet normal 0.8970090759983379 0.24035285751714325 0.37095177780939664
    outer loop
      vertex 7.336107005503543 1.5593376811331952 6
      vertex 5.230810839623344 1.6995934690622108 11
      vertex 5.379811804035931 1.1435142994976764 11
    endloop
  endfacet
  facet normal 0.8669714515861547 0.33279915966637263 0.37095177780939653
    outer loop
      vertex 7.132923872213651 2.3176274578121054 6
      vertex 5.024500017034304 2.2370515369169013 11
      vertex 5.230810839623344 1.6995934690622108 11
    endloop
  endfacet
  facet normal 0.6566562184811959 0.6566562184811959 0.37095177780939653
    outer loop
      vertex 5.573586191080457 5.018479547691436 6
      vertex 3.6802183349737203 4.087296540125668 11
      vertex 4.087296540125668 3.6802183349737203 11
    endloop
  endfacet
  facet normal 0.5844197215962944 0.7216982524222694 0.3709517778093966
    outer loop
      vertex 4.408389392193548 6.067627457812106 6
      vertex 3.232818887608602 4.449593469062211 11
      vertex 3.6802183349737203 4.087296540125668 11
    endloop
  endfacet
  facet normal 0.7216982524222694 0.5844197215962944 0.3709517778093966
    outer loop
      vertex 6.067627457812106 4.408389392193548 6
      vertex 4.087296540125668 3.6802183349737203 11
      vertex 4.449593469062211 3.232818887608602 11
    endloop
  endfacet
  facet normal -0.6934117710727238 -0.693411771072724 -0.1958576816864145
    outer loop
      vertex -4.830441365603063 -4.349348941332579 16
      vertex -4.087296540125668 -3.6802183349737203 11
      vertex -3.6802183349737203 -4.087296540125668 11
    endloop
  endfacet
  facet normal -0.7620944556798511 -0.617131921995982 -0.19585768168641451
    outer loop
      vertex -5.258610463437158 -3.8206041399010755 16
      vertex -4.087296540125668 -3.6802183349737203 11
      vertex -4.830441365603063 -4.349348941332579 16
    endloop
  endfacet
  facet normal -0.617131921995982 -0.7620944556798511 -0.19585768168641451
    outer loop
      vertex -4.349348941332579 -4.830441365603063 16
      vertex -3.6802183349737203 -4.087296540125668 11
      vertex -3.8206041399010755 -5.258610463437158 16
    endloop
  endfacet
  facet normal -0.6934117710727239 -0.6934117710727239 -0.1958576816864145
    outer loop
      vertex -4.830441365603063 -4.349348941332579 16
      vertex -3.6802183349737203 -4.087296540125668 11
      vertex -4.349348941332579 -4.830441365603063 16
    endloop
  endfacet
  facet normal -0.9154991497747631 -0.3514271977040326 -0.1958576816864144
    outer loop
      vertex -5.024500017034304 -2.2370515369169013 11
      vertex -5.938045474676906 -2.6437881799927014 16
      vertex -6.181867355918498 -2.008610463437158 16
    endloop
  endfacet
  facet normal -0.9472180945685 -0.25380632349577775 -0.19585768168641432
    outer loop
      vertex -5.230810839623344 -1.6995934690622108 11
      vertex -6.357959404769737 -1.3514259903154358 16
      vertex -5.379811804035931 -1.1435142994976764 11
    endloop
  endfacet
  facet normal -0.9685591197000161 -0.15340469409491148 -0.1958576816864144
    outer loop
      vertex -5.379811804035931 -1.1435142994976764 11
      vertex -6.4643923198937765 -0.6794350112397476 16
      vertex -5.469870424525503 -0.5749065479720941 11
    endloop
  endfacet
  facet normal -0.9792884084320717 -0.051322330763549355 -0.19585768168641435
    outer loop
      vertex -5.469870424525503 -0.5749065479720941 11
      vertex -6.5 0 16
      vertex -5.5 0 11
    endloop
  endfacet
  facet normal -0.9472180945685 -0.25380632349577764 -0.19585768168641435
    outer loop
      vertex -5.230810839623344 -1.6995934690622108 11
      vertex -6.181867355918498 -2.008610463437158 16
      vertex -6.357959404769737 -1.3514259903154358 16
    endloop
  endfacet
  facet normal -0.9685591197000158 -0.1534046940949118 -0.19585768168641435
    outer loop
      vertex -5.379811804035931 -1.1435142994976764 11
      vertex -6.357959404769737 -1.3514259903154358 16
      vertex -6.4643923198937765 -0.6794350112397476 16
    endloop
  endfacet
  facet normal 0 0 1
    outer loop
      vertex -5.629165124598851 -3.25 16
      vertex -5.938045474676906 2.6437881799927014 16
      vertex -5.938045474676906 -2.6437881799927014 16
    endloop
  endfacet
  facet normal -0.9792884084320717 -0.051322330763548994 -0.1958576816864144
    outer loop
      vertex -5.469870424525503 -0.5749065479720941 11
      vertex -6.4643923198937765 -0.6794350112397476 16
      vertex -6.5 0 16
    endloop
  endfacet
  facet normal 0 0 1
    outer loop
      vertex -6.181867355918498 -2.008610463437158 16
      vertex -5.938045474676906 -2.6437881799927014 16
      vertex -6.181867355918498 2.008610463437158 16
    endloop
  endfacet
  facet normal 0 0 1
    outer loop
      vertex -6.181867355918498 -2.008610463437158 16
      vertex -6.357959404769737 1.3514259903154358 16
      vertex -6.357959404769737 -1.3514259903154358 16
    endloop
  endfacet
  facet normal 0 0 1
    outer loop
      vertex -6.357959404769737 -1.3514259903154358 16
      vertex -6.4643923198937765 0.6794350112397476 16
      vertex -6.4643923198937765 -0.6794350112397476 16
    endloop
  endfacet
  facet normal -0.8224274739520314 -0.5340906464386959 -0.1958576816864143
    outer loop
      vertex -4.763139720814412 -2.75 11
      vertex -4.449593469062211 -3.232818887608602 11
      vertex -5.629165124598851 -3.25 16
    endloop
  endfacet
  facet normal -0.8737498047155797 -0.44519776199337463 -0.1958576816864144
    outer loop
      vertex -4.763139720814412 -2.75 11
      vertex -5.938045474676906 -2.6437881799927014 16
      vertex -5.024500017034304 -2.2370515369169013 11
    endloop
  endfacet
  facet normal -0.9154991497747629 -0.35142719770403286 -0.1958576816864143
    outer loop
      vertex -5.024500017034304 -2.2370515369169013 11
      vertex -6.181867355918498 -2.008610463437158 16
      vertex -5.230810839623344 -1.6995934690622108 11
    endloop
  endfacet
  facet normal -0.7620944556798497 -0.6171319219959835 -0.19585768168641424
    outer loop
      vertex -5.258610463437158 -3.8206041399010755 16
      vertex -4.449593469062211 -3.232818887608602 11
      vertex -4.087296540125668 -3.6802183349737203 11
    endloop
  endfacet
  facet normal -0.8737498047155794 -0.44519776199337535 -0.1958576816864143
    outer loop
      vertex -4.763139720814412 -2.75 11
      vertex -5.629165124598851 -3.25 16
      vertex -5.938045474676906 -2.6437881799927014 16
    endloop
  endfacet
  facet normal -0.8224274739520311 -0.5340906464386964 -0.19585768168641424
    outer loop
      vertex -5.258610463437158 -3.8206041399010755 16
      vertex -5.629165124598851 -3.25 16
      vertex -4.449593469062211 -3.232818887608602 11
    endloop
  endfacet
  facet normal 0 0 1
    outer loop
      vertex -5.258610463437158 -3.8206041399010755 16
      vertex -5.629165124598851 3.25 16
      vertex -5.629165124598851 -3.25 16
    endloop
  endfacet
  facet normal 0 0 1
    outer loop
      vertex -5.258610463437158 -3.8206041399010755 16
      vertex -4.830441365603063 -4.349348941332579 16
      vertex -5.258610463437158 3.8206041399010755 16
    endloop
  endfacet
  facet normal 0 0 1
    outer loop
      vertex -4.830441365603063 -4.349348941332579 16
      vertex -4.349348941332579 -4.830441365603063 16
      vertex -4.830441365603063 4.349348941332579 16
    endloop
  endfacet
  facet normal 0 0 1
    outer loop
      vertex -4.349348941332579 -4.830441365603063 16
      vertex -3.8206041399010755 -5.258610463437158 16
      vertex -4.349348941332579 4.830441365603063 16
    endloop
  endfacet
  facet normal -0.3514271977040326 -0.9154991497747631 -0.1958576816864144
    outer loop
      vertex -2.2370515369169013 -5.024500017034304 11
      vertex -2.008610463437158 -6.181867355918498 16
      vertex -2.6437881799927014 -5.938045474676906 16
    endloop
  endfacet
  facet normal -0.5340906464386959 -0.8224274739520314 -0.1958576816864143
    outer loop
      vertex -3.232818887608602 -4.449593469062211 11
      vertex -2.75 -4.763139720814412 11
      vertex -3.25 -5.629165124598851 16
    endloop
  endfacet
  facet normal -0.6171319219959835 -0.7620944556798497 -0.19585768168641424
    outer loop
      vertex -3.8206041399010755 -5.258610463437158 16
      vertex -3.6802183349737203 -4.087296540125668 11
      vertex -3.232818887608602 -4.449593469062211 11
    endloop
  endfacet
  facet normal -0.44519776199337463 -0.8737498047155797 -0.1958576816864144
    outer loop
      vertex -2.75 -4.763139720814412 11
      vertex -2.2370515369169013 -5.024500017034304 11
      vertex -2.6437881799927014 -5.938045474676906 16
    endloop
  endfacet
  facet normal -0.35142719770403286 -0.9154991497747629 -0.1958576816864143
    outer loop
      vertex -2.2370515369169013 -5.024500017034304 11
      vertex -1.6995934690622108 -5.230810839623344 11
      vertex -2.008610463437158 -6.181867355918498 16
    endloop
  endfacet
  facet normal -0.5340906464386964 -0.8224274739520311 -0.19585768168641424
    outer loop
      vertex -3.8206041399010755 -5.258610463437158 16
      vertex -3.232818887608602 -4.449593469062211 11
      vertex -3.25 -5.629165124598851 16
    endloop
  endfacet
  facet normal -0.44519776199337535 -0.8737498047155794 -0.1958576816864143
    outer loop
      vertex -2.75 -4.763139720814412 11
      vertex -2.6437881799927014 -5.938045474676906 16
      vertex -3.25 -5.629165124598851 16
    endloop
  endfacet
  facet normal 0 0 1
    outer loop
      vertex -3.8206041399010755 -5.258610463437158 16
      vertex -3.25 -5.629165124598851 16
      vertex -3.5213313626417007 -0.7484820869439337 16
    endloop
  endfacet
  facet normal 0 0 1
    outer loop
      vertex -3.25 -5.629165124598851 16
      vertex -2.6437881799927014 -5.938045474676906 16
      vertex -2.912461179749811 -2.1160269082529033 16
    endloop
  endfacet
  facet normal 0 0 1
    outer loop
      vertex -2.6437881799927014 -5.938045474676906 16
      vertex -2.008610463437158 -6.181867355918498 16
      vertex -2.40887018289189 -2.6753213717186193 16
    endloop
  endfacet
  facet normal 0 0 1
    outer loop
      vertex -2.008610463437158 -6.181867355918498 16
      vertex -2.1160269082529033 -2.912461179749811 16
      vertex -2.40887018289189 -2.6753213717186193 16
    endloop
  endfacet
  facet normal 0 0 1
    outer loop
      vertex -2.008610463437158 -6.181867355918498 16
      vertex -1.8 -3.117691453623979 16
      vertex -2.1160269082529033 -2.912461179749811 16
    endloop
  endfacet
  facet normal -0.25380632349577775 -0.9472180945685 -0.19585768168641432
    outer loop
      vertex -1.6995934690622108 -5.230810839623344 11
      vertex -1.1435142994976764 -5.379811804035931 11
      vertex -1.3514259903154358 -6.357959404769737 16
    endloop
  endfacet
  facet normal -0.15340469409491148 -0.9685591197000161 -0.1958576816864144
    outer loop
      vertex -1.1435142994976764 -5.379811804035931 11
      vertex -0.5749065479720941 -5.469870424525503 11
      vertex -0.6794350112397476 -6.4643923198937765 16
    endloop
  endfacet
  facet normal -0.051322330763549355 -0.9792884084320717 -0.19585768168641435
    outer loop
      vertex -0.5749065479720941 -5.469870424525503 11
      vertex 0 -5.5 11
      vertex 0 -6.5 16
    endloop
  endfacet
  facet normal -0.25380632349577764 -0.9472180945685 -0.19585768168641435
    outer loop
      vertex -1.6995934690622108 -5.230810839623344 11
      vertex -1.3514259903154358 -6.357959404769737 16
      vertex -2.008610463437158 -6.181867355918498 16
    endloop
  endfacet
  facet normal -0.1534046940949118 -0.9685591197000158 -0.19585768168641435
    outer loop
      vertex -1.1435142994976764 -5.379811804035931 11
      vertex -0.6794350112397476 -6.4643923198937765 16
      vertex -1.3514259903154358 -6.357959404769737 16
    endloop
  endfacet
  facet normal -0.051322330763548994 -0.9792884084320717 -0.1958576816864144
    outer loop
      vertex -0.5749065479720941 -5.469870424525503 11
      vertex 0 -6.5 16
      vertex -0.6794350112397476 -6.4643923198937765 16
    endloop
  endfacet
  facet normal 0 0 1
    outer loop
      vertex -2.008610463437158 -6.181867355918498 16
      vertex -1.3514259903154358 -6.357959404769737 16
      vertex -1.8 -3.117691453623979 16
    endloop
  endfacet
  facet normal 0 0 1
    outer loop
      vertex -1.3514259903154358 -6.357959404769737 16
      vertex -0.6794350112397476 -6.4643923198937765 16
      vertex -1.1124611797498107 -3.4238034586625528 16
    endloop
  endfacet
  facet normal 0 0 1
    outer loop
      vertex -1.3514259903154358 -6.357959404769737 16
      vertex -1.4642519150728808 -3.2887636475133633 16
      vertex -1.8 -3.117691453623979 16
    endloop
  endfacet
  facet normal 0 0 1
    outer loop
      vertex -1.3514259903154358 -6.357959404769737 16
      vertex -1.1124611797498107 -3.4238034586625528 16
      vertex -1.4642519150728808 -3.2887636475133633 16
    endloop
  endfacet
  facet normal 0 0 1
    outer loop
      vertex -0.6794350112397476 -6.4643923198937765 16
      vertex 0 -6.5 16
      vertex -0.37630246776355253 -3.580278823325784 16
    endloop
  endfacet
  facet normal 0 0 1
    outer loop
      vertex -0.6794350112397476 -6.4643923198937765 16
      vertex -0.7484820869439337 -3.5213313626417007 16
      vertex -1.1124611797498107 -3.4238034586625528 16
    endloop
  endfacet
  facet normal 0 0 1
    outer loop
      vertex -0.6794350112397476 -6.4643923198937765 16
      vertex -0.37630246776355253 -3.580278823325784 16
      vertex -0.7484820869439337 -3.5213313626417007 16
    endloop
  endfacet
  facet normal 0 0 1
    outer loop
      vertex 0 -6.5 16
      vertex 0 -3.6 16
      vertex -0.37630246776355253 -3.580278823325784 16
    endloop
  endfacet
  facet normal 0 0 1
    outer loop
      vertex -3.25 -5.629165124598851 16
      vertex -2.912461179749811 -2.1160269082529033 16
      vertex -3.117691453623979 -1.8 16
    endloop
  endfacet
  facet normal 0 0 1
    outer loop
      vertex -3.25 -5.629165124598851 16
      vertex -3.117691453623979 -1.8 16
      vertex -3.2887636475133633 -1.4642519150728808 16
    endloop
  endfacet
  facet normal 0 0 1
    outer loop
      vertex -3.25 -5.629165124598851 16
      vertex -3.2887636475133633 -1.4642519150728808 16
      vertex -3.4238034586625528 -1.1124611797498107 16
    endloop
  endfacet
  facet normal 0 0 1
    outer loop
      vertex -3.25 -5.629165124598851 16
      vertex -3.4238034586625528 -1.1124611797498107 16
      vertex -3.5213313626417007 -0.7484820869439337 16
    endloop
  endfacet
  facet normal 0 0 1
    outer loop
      vertex -3.8206041399010755 -5.258610463437158 16
      vertex -3.5213313626417007 -0.7484820869439337 16
      vertex -3.580278823325784 -0.37630246776355253 16
    endloop
  endfacet
  facet normal 0 0 1
    outer loop
      vertex -3.8206041399010755 -5.258610463437158 16
      vertex -3.580278823325784 -0.37630246776355253 16
      vertex -3.6 0 16
    endloop
  endfacet
  facet normal 0 0 1
    outer loop
      vertex -2.6437881799927014 -5.938045474676906 16
      vertex -2.6753213717186193 -2.40887018289189 16
      vertex -2.912461179749811 -2.1160269082529033 16
    endloop
  endfacet
  facet normal 0 0 1
    outer loop
      vertex -2.6437881799927014 -5.938045474676906 16
      vertex -2.40887018289189 -2.6753213717186193 16
      vertex -2.6753213717186193 -2.40887018289189 16
    endloop
  endfacet
  facet normal -0.9792884084320717 0.051322330763549355 -0.19585768168641435
    outer loop
      vertex -5.5 0 11
      vertex -6.5 0 16
      vertex -5.469870424525503 0.5749065479720941 11
    endloop
  endfacet
  facet normal -0.9685591197000161 0.15340469409491148 -0.1958576816864144
    outer loop
      vertex -5.469870424525503 0.5749065479720941 11
      vertex -6.4643923198937765 0.6794350112397476 16
      vertex -5.379811804035931 1.1435142994976764 11
    endloop
  endfacet
  facet normal -0.9472180945685 0.25380632349577775 -0.19585768168641432
    outer loop
      vertex -5.379811804035931 1.1435142994976764 11
      vertex -6.357959404769737 1.3514259903154358 16
      vertex -5.230810839623344 1.6995934690622108 11
    endloop
  endfacet
  facet normal -0.9792884084320717 0.051322330763548994 -0.1958576816864144
    outer loop
      vertex -5.469870424525503 0.5749065479720941 11
      vertex -6.5 0 16
      vertex -6.4643923198937765 0.6794350112397476 16
    endloop
  endfacet
  facet normal 0 0 1
    outer loop
      vertex -6.4643923198937765 -0.6794350112397476 16
      vertex -6.4643923198937765 0.6794350112397476 16
      vertex -6.5 0 16
    endloop
  endfacet
  facet normal 0 0 1
    outer loop
      vertex -6.357959404769737 -1.3514259903154358 16
      vertex -6.357959404769737 1.3514259903154358 16
      vertex -6.4643923198937765 0.6794350112397476 16
    endloop
  endfacet
  facet normal 0 0 1
    outer loop
      vertex -6.181867355918498 -2.008610463437158 16
      vertex -6.181867355918498 2.008610463437158 16
      vertex -6.357959404769737 1.3514259903154358 16
    endloop
  endfacet
  facet normal 0 0 1
    outer loop
      vertex -5.938045474676906 -2.6437881799927014 16
      vertex -5.938045474676906 2.6437881799927014 16
      vertex -6.181867355918498 2.008610463437158 16
    endloop
  endfacet
  facet normal 0 0 1
    outer loop
      vertex -5.629165124598851 -3.25 16
      vertex -5.629165124598851 3.25 16
      vertex -5.938045474676906 2.6437881799927014 16
    endloop
  endfacet
  facet normal -0.9685591197000158 0.1534046940949118 -0.19585768168641435
    outer loop
      vertex -5.379811804035931 1.1435142994976764 11
      vertex -6.4643923198937765 0.6794350112397476 16
      vertex -6.357959404769737 1.3514259903154358 16
    endloop
  endfacet
  facet normal -0.9472180945685 0.25380632349577764 -0.19585768168641435
    outer loop
      vertex -5.230810839623344 1.6995934690622108 11
      vertex -6.357959404769737 1.3514259903154358 16
      vertex -6.181867355918498 2.008610463437158 16
    endloop
  endfacet
  facet normal -0.9154991497747631 0.3514271977040326 -0.1958576816864144
    outer loop
      vertex -5.024500017034304 2.2370515369169013 11
      vertex -6.181867355918498 2.008610463437158 16
      vertex -5.938045474676906 2.6437881799927014 16
    endloop
  endfacet
  facet normal 0 0 1
    outer loop
      vertex -5.258610463437158 -3.8206041399010755 16
      vertex -5.258610463437158 3.8206041399010755 16
      vertex -5.629165124598851 3.25 16
    endloop
  endfacet
  facet normal 0 0 1
    outer loop
      vertex -4.830441365603063 -4.349348941332579 16
      vertex -4.830441365603063 4.349348941332579 16
      vertex -5.258610463437158 3.8206041399010755 16
    endloop
  endfacet
  facet normal 0 0 1
    outer loop
      vertex -4.349348941332579 -4.830441365603063 16
      vertex -4.349348941332579 4.830441365603063 16
      vertex -4.830441365603063 4.349348941332579 16
    endloop
  endfacet
  facet normal 0 0 1
    outer loop
      vertex -3.8206041399010755 -5.258610463437158 16
      vertex -3.8206041399010755 5.258610463437158 16
      vertex -4.349348941332579 4.830441365603063 16
    endloop
  endfacet
  facet normal -0.9154991497747629 0.35142719770403286 -0.1958576816864143
    outer loop
      vertex -5.230810839623344 1.6995934690622108 11
      vertex -6.181867355918498 2.008610463437158 16
      vertex -5.024500017034304 2.2370515369169013 11
    endloop
  endfacet
  facet normal -0.8737498047155797 0.44519776199337463 -0.1958576816864144
    outer loop
      vertex -5.024500017034304 2.2370515369169013 11
      vertex -5.938045474676906 2.6437881799927014 16
      vertex -4.763139720814412 2.75 11
    endloop
  endfacet
  facet normal -0.8224274739520314 0.5340906464386959 -0.1958576816864143
    outer loop
      vertex -4.763139720814412 2.75 11
      vertex -5.629165124598851 3.25 16
      vertex -4.449593469062211 3.232818887608602 11
    endloop
  endfacet
  facet normal -0.7620944556798497 0.6171319219959835 -0.19585768168641424
    outer loop
      vertex -4.449593469062211 3.232818887608602 11
      vertex -5.258610463437158 3.8206041399010755 16
      vertex -4.087296540125668 3.6802183349737203 11
    endloop
  endfacet
  facet normal -0.8737498047155794 0.44519776199337535 -0.1958576816864143
    outer loop
      vertex -4.763139720814412 2.75 11
      vertex -5.938045474676906 2.6437881799927014 16
      vertex -5.629165124598851 3.25 16
    endloop
  endfacet
  facet normal -0.8224274739520311 0.5340906464386964 -0.19585768168641426
    outer loop
      vertex -4.449593469062211 3.232818887608602 11
      vertex -5.629165124598851 3.25 16
      vertex -5.258610463437158 3.8206041399010755 16
    endloop
  endfacet
  facet normal -0.6934117710727238 0.6934117710727238 -0.1958576816864145
    outer loop
      vertex -4.087296540125668 3.6802183349737203 11
      vertex -4.830441365603063 4.349348941332579 16
      vertex -3.6802183349737203 4.087296540125668 11
    endloop
  endfacet
  facet normal -0.7620944556798511 0.617131921995982 -0.19585768168641451
    outer loop
      vertex -4.087296540125668 3.6802183349737203 11
      vertex -5.258610463437158 3.8206041399010755 16
      vertex -4.830441365603063 4.349348941332579 16
    endloop
  endfacet
  facet normal -0.6934117710727239 0.6934117710727239 -0.1958576816864145
    outer loop
      vertex -4.830441365603063 4.349348941332579 16
      vertex -4.349348941332579 4.830441365603063 16
      vertex -3.6802183349737203 4.087296540125668 11
    endloop
  endfacet
  facet normal -0.617131921995982 0.7620944556798511 -0.19585768168641451
    outer loop
      vertex -4.349348941332579 4.830441365603063 16
      vertex -3.8206041399010755 5.258610463437158 16
      vertex -3.6802183349737203 4.087296540125668 11
    endloop
  endfacet
  facet normal 0 0 1
    outer loop
      vertex -3.8206041399010755 -5.258610463437158 16
      vertex -3.6 0 16
      vertex -3.8206041399010755 5.258610463437158 16
    endloop
  endfacet
  facet normal 0 0 1
    outer loop
      vertex -3.8206041399010755 5.258610463437158 16
      vertex -3.6 0 16
      vertex -3.580278823325784 0.37630246776355253 16
    endloop
  endfacet
  facet normal 0 0 1
    outer loop
      vertex -3.8206041399010755 5.258610463437158 16
      vertex -3.580278823325784 0.37630246776355253 16
      vertex -3.5213313626417007 0.7484820869439337 16
    endloop
  endfacet
  facet normal 0 0 1
    outer loop
      vertex -3.8206041399010755 5.258610463437158 16
      vertex -3.5213313626417007 0.7484820869439337 16
      vertex -3.4238034586625528 1.1124611797498107 16
    endloop
  endfacet
  facet normal 0 0 1
    outer loop
      vertex -3.8206041399010755 5.258610463437158 16
      vertex -3.4238034586625528 1.1124611797498107 16
      vertex -3.2887636475133633 1.4642519150728808 16
    endloop
  endfacet
  facet normal 0 0 1
    outer loop
      vertex -3.8206041399010755 5.258610463437158 16
      vertex -3.2887636475133633 1.4642519150728808 16
      vertex -3.117691453623979 1.8 16
    endloop
  endfacet
  facet normal 0 0 1
    outer loop
      vertex -3.25 5.629165124598851 16
      vertex -3.117691453623979 1.8 16
      vertex -2.912461179749811 2.1160269082529033 16
    endloop
  endfacet
  facet normal 0 0 1
    outer loop
      vertex -3.25 5.629165124598851 16
      vertex -2.912461179749811 2.1160269082529033 16
      vertex -2.6753213717186193 2.40887018289189 16
    endloop
  endfacet
  facet normal 0 0 1
    outer loop
      vertex -3.25 5.629165124598851 16
      vertex -2.6753213717186193 2.40887018289189 16
      vertex -2.40887018289189 2.6753213717186193 16
    endloop
  endfacet
  facet normal -0.6171319219959835 0.7620944556798497 -0.19585768168641424
    outer loop
      vertex -3.8206041399010755 5.258610463437158 16
      vertex -3.232818887608602 4.449593469062211 11
      vertex -3.6802183349737203 4.087296540125668 11
    endloop
  endfacet
  facet normal -0.5340906464386959 0.8224274739520314 -0.1958576816864143
    outer loop
      vertex -3.232818887608602 4.449593469062211 11
      vertex -3.25 5.629165124598851 16
      vertex -2.75 4.763139720814412 11
    endloop
  endfacet
  facet normal -0.44519776199337463 0.8737498047155797 -0.1958576816864144
    outer loop
      vertex -2.75 4.763139720814412 11
      vertex -2.6437881799927014 5.938045474676906 16
      vertex -2.2370515369169013 5.024500017034304 11
    endloop
  endfacet
  facet normal -0.35142719770403286 0.9154991497747629 -0.1958576816864143
    outer loop
      vertex -2.2370515369169013 5.024500017034304 11
      vertex -2.008610463437158 6.181867355918498 16
      vertex -1.6995934690622108 5.230810839623344 11
    endloop
  endfacet
  facet normal 0 0 1
    outer loop
      vertex -3.8206041399010755 5.258610463437158 16
      vertex -3.117691453623979 1.8 16
      vertex -3.25 5.629165124598851 16
    endloop
  endfacet
  facet normal -0.5340906464386964 0.8224274739520311 -0.19585768168641424
    outer loop
      vertex -3.8206041399010755 5.258610463437158 16
      vertex -3.25 5.629165124598851 16
      vertex -3.232818887608602 4.449593469062211 11
    endloop
  endfacet
  facet normal -0.44519776199337535 0.8737498047155794 -0.1958576816864143
    outer loop
      vertex -2.75 4.763139720814412 11
      vertex -3.25 5.629165124598851 16
      vertex -2.6437881799927014 5.938045474676906 16
    endloop
  endfacet
  facet normal 0 0 1
    outer loop
      vertex -2.6437881799927014 5.938045474676906 16
      vertex -2.40887018289189 2.6753213717186193 16
      vertex -2.1160269082529033 2.912461179749811 16
    endloop
  endfacet
  facet normal 0 0 1
    outer loop
      vertex -2.6437881799927014 5.938045474676906 16
      vertex -2.1160269082529033 2.912461179749811 16
      vertex -1.8 3.117691453623979 16
    endloop
  endfacet
  facet normal 0 0 1
    outer loop
      vertex -3.25 5.629165124598851 16
      vertex -2.40887018289189 2.6753213717186193 16
      vertex -2.6437881799927014 5.938045474676906 16
    endloop
  endfacet
  facet normal 0 0 1
    outer loop
      vertex -2.6437881799927014 5.938045474676906 16
      vertex -1.8 3.117691453623979 16
      vertex -2.008610463437158 6.181867355918498 16
    endloop
  endfacet
  facet normal -0.3514271977040326 0.9154991497747631 -0.1958576816864144
    outer loop
      vertex -2.2370515369169013 5.024500017034304 11
      vertex -2.6437881799927014 5.938045474676906 16
      vertex -2.008610463437158 6.181867355918498 16
    endloop
  endfacet
  facet normal 0 0 1
    outer loop
      vertex -2.008610463437158 6.181867355918498 16
      vertex -1.8 3.117691453623979 16
      vertex -1.4642519150728808 3.2887636475133633 16
    endloop
  endfacet
  facet normal 0 0 1
    outer loop
      vertex -2.008610463437158 6.181867355918498 16
      vertex -1.4642519150728808 3.2887636475133633 16
      vertex -1.1124611797498107 3.4238034586625528 16
    endloop
  endfacet
  facet normal 0 0 1
    outer loop
      vertex -1.3514259903154358 6.357959404769737 16
      vertex -1.1124611797498107 3.4238034586625528 16
      vertex -0.7484820869439337 3.5213313626417007 16
    endloop
  endfacet
  facet normal 0 0 1
    outer loop
      vertex -2.008610463437158 6.181867355918498 16
      vertex -1.1124611797498107 3.4238034586625528 16
      vertex -1.3514259903154358 6.357959404769737 16
    endloop
  endfacet
  facet normal 0 0 1
    outer loop
      vertex -1.3514259903154358 6.357959404769737 16
      vertex -0.7484820869439337 3.5213313626417007 16
      vertex -0.37630246776355253 3.580278823325784 16
    endloop
  endfacet
  facet normal 0 0 1
    outer loop
      vertex 0 6.5 16
      vertex -0.37630246776355253 3.580278823325784 16
      vertex 0 3.6 16
    endloop
  endfacet
  facet normal 0 0 1
    outer loop
      vertex -1.3514259903154358 6.357959404769737 16
      vertex -0.37630246776355253 3.580278823325784 16
      vertex -0.6794350112397476 6.4643923198937765 16
    endloop
  endfacet
  facet normal 0 0 1
    outer loop
      vertex -0.6794350112397476 6.4643923198937765 16
      vertex -0.37630246776355253 3.580278823325784 16
      vertex 0 6.5 16
    endloop
  endfacet
  facet normal -0.25380632349577775 0.9472180945685 -0.19585768168641432
    outer loop
      vertex -1.6995934690622108 5.230810839623344 11
      vertex -1.3514259903154358 6.357959404769737 16
      vertex -1.1435142994976764 5.379811804035931 11
    endloop
  endfacet
  facet normal -0.15340469409491148 0.9685591197000161 -0.1958576816864144
    outer loop
      vertex -1.1435142994976764 5.379811804035931 11
      vertex -0.6794350112397476 6.4643923198937765 16
      vertex -0.5749065479720941 5.469870424525503 11
    endloop
  endfacet
  facet normal -0.051322330763549355 0.9792884084320717 -0.19585768168641435
    outer loop
      vertex -0.5749065479720941 5.469870424525503 11
      vertex 0 6.5 16
      vertex 0 5.5 11
    endloop
  endfacet
  facet normal -0.25380632349577764 0.9472180945685 -0.19585768168641435
    outer loop
      vertex -1.6995934690622108 5.230810839623344 11
      vertex -2.008610463437158 6.181867355918498 16
      vertex -1.3514259903154358 6.357959404769737 16
    endloop
  endfacet
  facet normal -0.1534046940949118 0.9685591197000158 -0.19585768168641435
    outer loop
      vertex -1.1435142994976764 5.379811804035931 11
      vertex -1.3514259903154358 6.357959404769737 16
      vertex -0.6794350112397476 6.4643923198937765 16
    endloop
  endfacet
  facet normal -0.051322330763548994 0.9792884084320717 -0.1958576816864144
    outer loop
      vertex -0.5749065479720941 5.469870424525503 11
      vertex -0.6794350112397476 6.4643923198937765 16
      vertex 0 6.5 16
    endloop
  endfacet
  facet normal 0.051322330763549355 -0.9792884084320717 -0.19585768168641435
    outer loop
      vertex 0 -5.5 11
      vertex 0.5749065479720941 -5.469870424525503 11
      vertex 0 -6.5 16
    endloop
  endfacet
  facet normal 0.15340469409491148 -0.9685591197000161 -0.1958576816864144
    outer loop
      vertex 0.5749065479720941 -5.469870424525503 11
      vertex 1.1435142994976764 -5.379811804035931 11
      vertex 0.6794350112397476 -6.4643923198937765 16
    endloop
  endfacet
  facet normal 0.25380632349577775 -0.9472180945685 -0.19585768168641432
    outer loop
      vertex 1.1435142994976764 -5.379811804035931 11
      vertex 1.6995934690622108 -5.230810839623344 11
      vertex 1.3514259903154358 -6.357959404769737 16
    endloop
  endfacet
  facet normal 0.051322330763548994 -0.9792884084320717 -0.1958576816864144
    outer loop
      vertex 0.5749065479720941 -5.469870424525503 11
      vertex 0.6794350112397476 -6.4643923198937765 16
      vertex 0 -6.5 16
    endloop
  endfacet
  facet normal 0.1534046940949118 -0.9685591197000158 -0.19585768168641435
    outer loop
      vertex 1.1435142994976764 -5.379811804035931 11
      vertex 1.3514259903154358 -6.357959404769737 16
      vertex 0.6794350112397476 -6.4643923198937765 16
    endloop
  endfacet
  facet normal 0.25380632349577764 -0.9472180945685 -0.19585768168641435
    outer loop
      vertex 1.6995934690622108 -5.230810839623344 11
      vertex 2.008610463437158 -6.181867355918498 16
      vertex 1.3514259903154358 -6.357959404769737 16
    endloop
  endfacet
  facet normal 0 0 1
    outer loop
      vertex 0 -6.5 16
      vertex 0.6794350112397476 -6.4643923198937765 16
      vertex 0.37630246776355253 -3.580278823325784 16
    endloop
  endfacet
  facet normal 0 0 1
    outer loop
      vertex 0.6794350112397476 -6.4643923198937765 16
      vertex 1.3514259903154358 -6.357959404769737 16
      vertex 0.37630246776355253 -3.580278823325784 16
    endloop
  endfacet
  facet normal 0 0 1
    outer loop
      vertex 0 -6.5 16
      vertex 0.37630246776355253 -3.580278823325784 16
      vertex 0 -3.6 16
    endloop
  endfacet
  facet normal 0 0 1
    outer loop
      vertex 1.3514259903154358 -6.357959404769737 16
      vertex 0.7484820869439337 -3.5213313626417007 16
      vertex 0.37630246776355253 -3.580278823325784 16
    endloop
  endfacet
  facet normal 0 0 1
    outer loop
      vertex 1.3514259903154358 -6.357959404769737 16
      vertex 2.008610463437158 -6.181867355918498 16
      vertex 1.1124611797498107 -3.4238034586625528 16
    endloop
  endfacet
  facet normal 0 0 1
    outer loop
      vertex 1.3514259903154358 -6.357959404769737 16
      vertex 1.1124611797498107 -3.4238034586625528 16
      vertex 0.7484820869439337 -3.5213313626417007 16
    endloop
  endfacet
  facet normal 0 0 1
    outer loop
      vertex 2.008610463437158 -6.181867355918498 16
      vertex 1.4642519150728808 -3.2887636475133633 16
      vertex 1.1124611797498107 -3.4238034586625528 16
    endloop
  endfacet
  facet normal 0 0 1
    outer loop
      vertex 2.008610463437158 -6.181867355918498 16
      vertex 1.8 -3.117691453623979 16
      vertex 1.4642519150728808 -3.2887636475133633 16
    endloop
  endfacet
  facet normal 0.3514271977040326 -0.9154991497747631 -0.1958576816864144
    outer loop
      vertex 2.2370515369169013 -5.024500017034304 11
      vertex 2.6437881799927014 -5.938045474676906 16
      vertex 2.008610463437158 -6.181867355918498 16
    endloop
  endfacet
  facet normal 0.35142719770403286 -0.9154991497747629 -0.1958576816864143
    outer loop
      vertex 1.6995934690622108 -5.230810839623344 11
      vertex 2.2370515369169013 -5.024500017034304 11
      vertex 2.008610463437158 -6.181867355918498 16
    endloop
  endfacet
  facet normal 0.44519776199337463 -0.8737498047155797 -0.1958576816864144
    outer loop
      vertex 2.2370515369169013 -5.024500017034304 11
      vertex 2.75 -4.763139720814412 11
      vertex 2.6437881799927014 -5.938045474676906 16
    endloop
  endfacet
  facet normal 0.5340906464386959 -0.8224274739520314 -0.1958576816864143
    outer loop
      vertex 2.75 -4.763139720814412 11
      vertex 3.232818887608602 -4.449593469062211 11
      vertex 3.25 -5.629165124598851 16
    endloop
  endfacet
  facet normal 0.6171319219959835 -0.7620944556798497 -0.19585768168641424
    outer loop
      vertex 3.232818887608602 -4.449593469062211 11
      vertex 3.6802183349737203 -4.087296540125668 11
      vertex 3.8206041399010755 -5.258610463437158 16
    endloop
  endfacet
  facet normal 0 0 1
    outer loop
      vertex 2.008610463437158 -6.181867355918498 16
      vertex 2.6437881799927014 -5.938045474676906 16
      vertex 1.8 -3.117691453623979 16
    endloop
  endfacet
  facet normal 0 0 1
    outer loop
      vertex 2.6437881799927014 -5.938045474676906 16
      vertex 3.25 -5.629165124598851 16
      vertex 2.40887018289189 -2.6753213717186193 16
    endloop
  endfacet
  facet normal 0 0 1
    outer loop
      vertex 2.6437881799927014 -5.938045474676906 16
      vertex 2.1160269082529033 -2.912461179749811 16
      vertex 1.8 -3.117691453623979 16
    endloop
  endfacet
  facet normal 0 0 1
    outer loop
      vertex 2.6437881799927014 -5.938045474676906 16
      vertex 2.40887018289189 -2.6753213717186193 16
      vertex 2.1160269082529033 -2.912461179749811 16
    endloop
  endfacet
  facet normal 0.44519776199337535 -0.8737498047155794 -0.1958576816864143
    outer loop
      vertex 2.75 -4.763139720814412 11
      vertex 3.25 -5.629165124598851 16
      vertex 2.6437881799927014 -5.938045474676906 16
    endloop
  endfacet
  facet normal 0.5340906464386964 -0.8224274739520311 -0.19585768168641426
    outer loop
      vertex 3.232818887608602 -4.449593469062211 11
      vertex 3.8206041399010755 -5.258610463437158 16
      vertex 3.25 -5.629165124598851 16
    endloop
  endfacet
  facet normal 0 0 1
    outer loop
      vertex 3.25 -5.629165124598851 16
      vertex 3.8206041399010755 -5.258610463437158 16
      vertex 3.117691453623979 -1.8 16
    endloop
  endfacet
  facet normal 0 0 1
    outer loop
      vertex 3.25 -5.629165124598851 16
      vertex 2.6753213717186193 -2.40887018289189 16
      vertex 2.40887018289189 -2.6753213717186193 16
    endloop
  endfacet
  facet normal 0 0 1
    outer loop
      vertex 3.25 -5.629165124598851 16
      vertex 2.912461179749811 -2.1160269082529033 16
      vertex 2.6753213717186193 -2.40887018289189 16
    endloop
  endfacet
  facet normal 0 0 1
    outer loop
      vertex 3.25 -5.629165124598851 16
      vertex 3.117691453623979 -1.8 16
      vertex 2.912461179749811 -2.1160269082529033 16
    endloop
  endfacet
  facet normal 0 0 1
    outer loop
      vertex 3.8206041399010755 -5.258610463437158 16
      vertex 3.2887636475133633 -1.4642519150728808 16
      vertex 3.117691453623979 -1.8 16
    endloop
  endfacet
  facet normal 0 0 1
    outer loop
      vertex 3.8206041399010755 -5.258610463437158 16
      vertex 3.4238034586625528 -1.1124611797498107 16
      vertex 3.2887636475133633 -1.4642519150728808 16
    endloop
  endfacet
  facet normal 0 0 1
    outer loop
      vertex 3.8206041399010755 -5.258610463437158 16
      vertex 3.5213313626417007 -0.7484820869439337 16
      vertex 3.4238034586625528 -1.1124611797498107 16
    endloop
  endfacet
  facet normal 0 0 1
    outer loop
      vertex 3.8206041399010755 -5.258610463437158 16
      vertex 3.580278823325784 -0.37630246776355253 16
      vertex 3.5213313626417007 -0.7484820869439337 16
    endloop
  endfacet
  facet normal 0 0 1
    outer loop
      vertex 3.8206041399010755 -5.258610463437158 16
      vertex 3.6 0 16
      vertex 3.580278823325784 -0.37630246776355253 16
    endloop
  endfacet
  facet normal 0.6934117710727238 -0.6934117710727238 -0.1958576816864145
    outer loop
      vertex 3.6802183349737203 -4.087296540125668 11
      vertex 4.087296540125668 -3.6802183349737203 11
      vertex 4.830441365603063 -4.349348941332579 16
    endloop
  endfacet
  facet normal 0.617131921995982 -0.7620944556798511 -0.19585768168641451
    outer loop
      vertex 3.6802183349737203 -4.087296540125668 11
      vertex 4.349348941332579 -4.830441365603063 16
      vertex 3.8206041399010755 -5.258610463437158 16
    endloop
  endfacet
  facet normal 0.6934117710727238 -0.6934117710727239 -0.19585768168641446
    outer loop
      vertex 3.6802183349737203 -4.087296540125668 11
      vertex 4.830441365603063 -4.349348941332579 16
      vertex 4.349348941332579 -4.830441365603063 16
    endloop
  endfacet
  facet normal 0.7620944556798511 -0.617131921995982 -0.19585768168641451
    outer loop
      vertex 4.830441365603063 -4.349348941332579 16
      vertex 4.087296540125668 -3.6802183349737203 11
      vertex 5.258610463437158 -3.8206041399010755 16
    endloop
  endfacet
  facet normal 0.7620944556798497 -0.6171319219959835 -0.19585768168641424
    outer loop
      vertex 5.258610463437158 -3.8206041399010755 16
      vertex 4.087296540125668 -3.6802183349737203 11
      vertex 4.449593469062211 -3.232818887608602 11
    endloop
  endfacet
  facet normal 0.8224274739520314 -0.5340906464386959 -0.1958576816864143
    outer loop
      vertex 4.449593469062211 -3.232818887608602 11
      vertex 4.763139720814412 -2.75 11
      vertex 5.629165124598851 -3.25 16
    endloop
  endfacet
  facet normal 0.8737498047155797 -0.44519776199337463 -0.1958576816864144
    outer loop
      vertex 4.763139720814412 -2.75 11
      vertex 5.024500017034304 -2.2370515369169013 11
      vertex 5.938045474676906 -2.6437881799927014 16
    endloop
  endfacet
  facet normal 0.9154991497747629 -0.35142719770403286 -0.1958576816864143
    outer loop
      vertex 5.024500017034304 -2.2370515369169013 11
      vertex 5.230810839623344 -1.6995934690622108 11
      vertex 6.181867355918498 -2.008610463437158 16
    endloop
  endfacet
  facet normal 0.8224274739520311 -0.5340906464386964 -0.19585768168641424
    outer loop
      vertex 5.258610463437158 -3.8206041399010755 16
      vertex 4.449593469062211 -3.232818887608602 11
      vertex 5.629165124598851 -3.25 16
    endloop
  endfacet
  facet normal 0.8737498047155794 -0.44519776199337535 -0.1958576816864143
    outer loop
      vertex 4.763139720814412 -2.75 11
      vertex 5.938045474676906 -2.6437881799927014 16
      vertex 5.629165124598851 -3.25 16
    endloop
  endfacet
  facet normal 0 0 1
    outer loop
      vertex 3.8206041399010755 -5.258610463437158 16
      vertex 4.349348941332579 -4.830441365603063 16
      vertex 3.8206041399010755 5.258610463437158 16
    endloop
  endfacet
  facet normal 0 0 1
    outer loop
      vertex 4.349348941332579 -4.830441365603063 16
      vertex 4.830441365603063 -4.349348941332579 16
      vertex 4.349348941332579 4.830441365603063 16
    endloop
  endfacet
  facet normal 0 0 1
    outer loop
      vertex 4.830441365603063 -4.349348941332579 16
      vertex 5.258610463437158 -3.8206041399010755 16
      vertex 4.830441365603063 4.349348941332579 16
    endloop
  endfacet
  facet normal 0 0 1
    outer loop
      vertex 5.258610463437158 -3.8206041399010755 16
      vertex 5.629165124598851 -3.25 16
      vertex 5.258610463437158 3.8206041399010755 16
    endloop
  endfacet
  facet normal 0.9154991497747631 -0.3514271977040326 -0.1958576816864144
    outer loop
      vertex 5.024500017034304 -2.2370515369169013 11
      vertex 6.181867355918498 -2.008610463437158 16
      vertex 5.938045474676906 -2.6437881799927014 16
    endloop
  endfacet
  facet normal 0.9472180945685 -0.25380632349577775 -0.19585768168641432
    outer loop
      vertex 5.230810839623344 -1.6995934690622108 11
      vertex 5.379811804035931 -1.1435142994976764 11
      vertex 6.357959404769737 -1.3514259903154358 16
    endloop
  endfacet
  facet normal 0.9685591197000161 -0.15340469409491148 -0.1958576816864144
    outer loop
      vertex 5.379811804035931 -1.1435142994976764 11
      vertex 5.469870424525503 -0.5749065479720941 11
      vertex 6.4643923198937765 -0.6794350112397476 16
    endloop
  endfacet
  facet normal 0.9792884084320717 -0.051322330763549355 -0.19585768168641435
    outer loop
      vertex 5.469870424525503 -0.5749065479720941 11
      vertex 5.5 0 11
      vertex 6.5 0 16
    endloop
  endfacet
  facet normal 0.9472180945685 -0.25380632349577764 -0.19585768168641435
    outer loop
      vertex 5.230810839623344 -1.6995934690622108 11
      vertex 6.357959404769737 -1.3514259903154358 16
      vertex 6.181867355918498 -2.008610463437158 16
    endloop
  endfacet
  facet normal 0.9685591197000158 -0.1534046940949118 -0.19585768168641435
    outer loop
      vertex 5.379811804035931 -1.1435142994976764 11
      vertex 6.4643923198937765 -0.6794350112397476 16
      vertex 6.357959404769737 -1.3514259903154358 16
    endloop
  endfacet
  facet normal 0.9792884084320717 -0.051322330763548994 -0.1958576816864144
    outer loop
      vertex 5.469870424525503 -0.5749065479720941 11
      vertex 6.5 0 16
      vertex 6.4643923198937765 -0.6794350112397476 16
    endloop
  endfacet
  facet normal 0 0 1
    outer loop
      vertex 5.629165124598851 -3.25 16
      vertex 5.938045474676906 -2.6437881799927014 16
      vertex 5.629165124598851 3.25 16
    endloop
  endfacet
  facet normal 0 0 1
    outer loop
      vertex 5.938045474676906 -2.6437881799927014 16
      vertex 6.181867355918498 -2.008610463437158 16
      vertex 5.938045474676906 2.6437881799927014 16
    endloop
  endfacet
  facet normal 0 0 1
    outer loop
      vertex 6.181867355918498 -2.008610463437158 16
      vertex 6.357959404769737 -1.3514259903154358 16
      vertex 6.181867355918498 2.008610463437158 16
    endloop
  endfacet
  facet normal 0 0 1
    outer loop
      vertex 6.357959404769737 -1.3514259903154358 16
      vertex 6.4643923198937765 -0.6794350112397476 16
      vertex 6.357959404769737 1.3514259903154358 16
    endloop
  endfacet
  facet normal 0 0 1
    outer loop
      vertex 3.8206041399010755 -5.258610463437158 16
      vertex 3.8206041399010755 5.258610463437158 16
      vertex 3.6 0 16
    endloop
  endfacet
  facet normal 0 0 1
    outer loop
      vertex 2.6437881799927014 5.938045474676906 16
      vertex 2.40887018289189 2.6753213717186193 16
      vertex 2.6753213717186193 2.40887018289189 16
    endloop
  endfacet
  facet normal 0 0 1
    outer loop
      vertex 2.6437881799927014 5.938045474676906 16
      vertex 2.6753213717186193 2.40887018289189 16
      vertex 2.912461179749811 2.1160269082529033 16
    endloop
  endfacet
  facet normal 0 0 1
    outer loop
      vertex 3.8206041399010755 5.258610463437158 16
      vertex 3.580278823325784 0.37630246776355253 16
      vertex 3.6 0 16
    endloop
  endfacet
  facet normal 0 0 1
    outer loop
      vertex 3.8206041399010755 5.258610463437158 16
      vertex 3.5213313626417007 0.7484820869439337 16
      vertex 3.580278823325784 0.37630246776355253 16
    endloop
  endfacet
  facet normal 0 0 1
    outer loop
      vertex 3.25 5.629165124598851 16
      vertex 3.4238034586625528 1.1124611797498107 16
      vertex 3.5213313626417007 0.7484820869439337 16
    endloop
  endfacet
  facet normal 0 0 1
    outer loop
      vertex 3.25 5.629165124598851 16
      vertex 3.2887636475133633 1.4642519150728808 16
      vertex 3.4238034586625528 1.1124611797498107 16
    endloop
  endfacet
  facet normal 0 0 1
    outer loop
      vertex 3.25 5.629165124598851 16
      vertex 3.117691453623979 1.8 16
      vertex 3.2887636475133633 1.4642519150728808 16
    endloop
  endfacet
  facet normal 0 0 1
    outer loop
      vertex 3.25 5.629165124598851 16
      vertex 2.912461179749811 2.1160269082529033 16
      vertex 3.117691453623979 1.8 16
    endloop
  endfacet
  facet normal 0 0 1
    outer loop
      vertex 0 6.5 16
      vertex 0 3.6 16
      vertex 0.37630246776355253 3.580278823325784 16
    endloop
  endfacet
  facet normal 0 0 1
    outer loop
      vertex 0.6794350112397476 6.4643923198937765 16
      vertex 0.37630246776355253 3.580278823325784 16
      vertex 0.7484820869439337 3.5213313626417007 16
    endloop
  endfacet
  facet normal 0 0 1
    outer loop
      vertex 0.6794350112397476 6.4643923198937765 16
      vertex 0.7484820869439337 3.5213313626417007 16
      vertex 1.1124611797498107 3.4238034586625528 16
    endloop
  endfacet
  facet normal 0 0 1
    outer loop
      vertex 0 6.5 16
      vertex 0.37630246776355253 3.580278823325784 16
      vertex 0.6794350112397476 6.4643923198937765 16
    endloop
  endfacet
  facet normal 0 0 1
    outer loop
      vertex 1.3514259903154358 6.357959404769737 16
      vertex 1.1124611797498107 3.4238034586625528 16
      vertex 1.4642519150728808 3.2887636475133633 16
    endloop
  endfacet
  facet normal 0 0 1
    outer loop
      vertex 1.3514259903154358 6.357959404769737 16
      vertex 1.4642519150728808 3.2887636475133633 16
      vertex 1.8 3.117691453623979 16
    endloop
  endfacet
  facet normal 0 0 1
    outer loop
      vertex 0.6794350112397476 6.4643923198937765 16
      vertex 1.1124611797498107 3.4238034586625528 16
      vertex 1.3514259903154358 6.357959404769737 16
    endloop
  endfacet
  facet normal 0 0 1
    outer loop
      vertex 1.3514259903154358 6.357959404769737 16
      vertex 1.8 3.117691453623979 16
      vertex 2.008610463437158 6.181867355918498 16
    endloop
  endfacet
  facet normal 0.051322330763549355 0.9792884084320717 -0.19585768168641435
    outer loop
      vertex 0 5.5 11
      vertex 0 6.5 16
      vertex 0.5749065479720941 5.469870424525503 11
    endloop
  endfacet
  facet normal 0.15340469409491148 0.9685591197000161 -0.1958576816864144
    outer loop
      vertex 0.5749065479720941 5.469870424525503 11
      vertex 0.6794350112397476 6.4643923198937765 16
      vertex 1.1435142994976764 5.379811804035931 11
    endloop
  endfacet
  facet normal 0.25380632349577775 0.9472180945685 -0.19585768168641432
    outer loop
      vertex 1.1435142994976764 5.379811804035931 11
      vertex 1.3514259903154358 6.357959404769737 16
      vertex 1.6995934690622108 5.230810839623344 11
    endloop
  endfacet
  facet normal 0.051322330763548994 0.9792884084320717 -0.1958576816864144
    outer loop
      vertex 0.5749065479720941 5.469870424525503 11
      vertex 0 6.5 16
      vertex 0.6794350112397476 6.4643923198937765 16
    endloop
  endfacet
  facet normal 0.1534046940949118 0.9685591197000158 -0.19585768168641435
    outer loop
      vertex 1.1435142994976764 5.379811804035931 11
      vertex 0.6794350112397476 6.4643923198937765 16
      vertex 1.3514259903154358 6.357959404769737 16
    endloop
  endfacet
  facet normal 0.25380632349577764 0.9472180945685 -0.19585768168641435
    outer loop
      vertex 1.6995934690622108 5.230810839623344 11
      vertex 1.3514259903154358 6.357959404769737 16
      vertex 2.008610463437158 6.181867355918498 16
    endloop
  endfacet
  facet normal 0.35142719770403286 0.9154991497747629 -0.1958576816864143
    outer loop
      vertex 1.6995934690622108 5.230810839623344 11
      vertex 2.008610463437158 6.181867355918498 16
      vertex 2.2370515369169013 5.024500017034304 11
    endloop
  endfacet
  facet normal 0.44519776199337463 0.8737498047155797 -0.1958576816864144
    outer loop
      vertex 2.2370515369169013 5.024500017034304 11
      vertex 2.6437881799927014 5.938045474676906 16
      vertex 2.75 4.763139720814412 11
    endloop
  endfacet
  facet normal 0.6171319219959835 0.7620944556798497 -0.19585768168641424
    outer loop
      vertex 3.232818887608602 4.449593469062211 11
      vertex 3.8206041399010755 5.258610463437158 16
      vertex 3.6802183349737203 4.087296540125668 11
    endloop
  endfacet
  facet normal 0.5340906464386959 0.8224274739520314 -0.1958576816864143
    outer loop
      vertex 2.75 4.763139720814412 11
      vertex 3.25 5.629165124598851 16
      vertex 3.232818887608602 4.449593469062211 11
    endloop
  endfacet
  facet normal 0 0 1
    outer loop
      vertex 2.008610463437158 6.181867355918498 16
      vertex 1.8 3.117691453623979 16
      vertex 2.1160269082529033 2.912461179749811 16
    endloop
  endfacet
  facet normal 0 0 1
    outer loop
      vertex 2.008610463437158 6.181867355918498 16
      vertex 2.1160269082529033 2.912461179749811 16
      vertex 2.40887018289189 2.6753213717186193 16
    endloop
  endfacet
  facet normal 0 0 1
    outer loop
      vertex 2.008610463437158 6.181867355918498 16
      vertex 2.40887018289189 2.6753213717186193 16
      vertex 2.6437881799927014 5.938045474676906 16
    endloop
  endfacet
  facet normal 0 0 1
    outer loop
      vertex 2.6437881799927014 5.938045474676906 16
      vertex 2.912461179749811 2.1160269082529033 16
      vertex 3.25 5.629165124598851 16
    endloop
  endfacet
  facet normal 0 0 1
    outer loop
      vertex 3.25 5.629165124598851 16
      vertex 3.5213313626417007 0.7484820869439337 16
      vertex 3.8206041399010755 5.258610463437158 16
    endloop
  endfacet
  facet normal 0.44519776199337535 0.8737498047155794 -0.1958576816864143
    outer loop
      vertex 2.75 4.763139720814412 11
      vertex 2.6437881799927014 5.938045474676906 16
      vertex 3.25 5.629165124598851 16
    endloop
  endfacet
  facet normal 0.5340906464386964 0.8224274739520311 -0.19585768168641426
    outer loop
      vertex 3.232818887608602 4.449593469062211 11
      vertex 3.25 5.629165124598851 16
      vertex 3.8206041399010755 5.258610463437158 16
    endloop
  endfacet
  facet normal 0.3514271977040326 0.9154991497747631 -0.1958576816864144
    outer loop
      vertex 2.2370515369169013 5.024500017034304 11
      vertex 2.008610463437158 6.181867355918498 16
      vertex 2.6437881799927014 5.938045474676906 16
    endloop
  endfacet
  facet normal 0 0 1
    outer loop
      vertex 4.349348941332579 -4.830441365603063 16
      vertex 4.349348941332579 4.830441365603063 16
      vertex 3.8206041399010755 5.258610463437158 16
    endloop
  endfacet
  facet normal 0 0 1
    outer loop
      vertex 4.830441365603063 -4.349348941332579 16
      vertex 4.830441365603063 4.349348941332579 16
      vertex 4.349348941332579 4.830441365603063 16
    endloop
  endfacet
  facet normal 0 0 1
    outer loop
      vertex 5.258610463437158 -3.8206041399010755 16
      vertex 5.258610463437158 3.8206041399010755 16
      vertex 4.830441365603063 4.349348941332579 16
    endloop
  endfacet
  facet normal 0 0 1
    outer loop
      vertex 5.629165124598851 -3.25 16
      vertex 5.629165124598851 3.25 16
      vertex 5.258610463437158 3.8206041399010755 16
    endloop
  endfacet
  facet normal 0.7620944556798497 0.6171319219959835 -0.19585768168641418
    outer loop
      vertex 4.087296540125668 3.6802183349737203 11
      vertex 5.258610463437158 3.8206041399010755 16
      vertex 4.449593469062211 3.232818887608602 11
    endloop
  endfacet
  facet normal 0.9154991497747629 0.35142719770403286 -0.1958576816864143
    outer loop
      vertex 5.230810839623344 1.6995934690622108 11
      vertex 5.024500017034304 2.2370515369169013 11
      vertex 6.181867355918498 2.008610463437158 16
    endloop
  endfacet
  facet normal 0.8737498047155797 0.44519776199337463 -0.1958576816864144
    outer loop
      vertex 5.024500017034304 2.2370515369169013 11
      vertex 4.763139720814412 2.75 11
      vertex 5.938045474676906 2.6437881799927014 16
    endloop
  endfacet
  facet normal 0.8224274739520314 0.5340906464386959 -0.1958576816864143
    outer loop
      vertex 4.449593469062211 3.232818887608602 11
      vertex 5.629165124598851 3.25 16
      vertex 4.763139720814412 2.75 11
    endloop
  endfacet
  facet normal 0.8224274739520311 0.5340906464386964 -0.19585768168641426
    outer loop
      vertex 4.449593469062211 3.232818887608602 11
      vertex 5.258610463437158 3.8206041399010755 16
      vertex 5.629165124598851 3.25 16
    endloop
  endfacet
  facet normal 0.8737498047155794 0.44519776199337535 -0.1958576816864143
    outer loop
      vertex 4.763139720814412 2.75 11
      vertex 5.629165124598851 3.25 16
      vertex 5.938045474676906 2.6437881799927014 16
    endloop
  endfacet
  facet normal 0.9792884084320717 0.051322330763549355 -0.19585768168641435
    outer loop
      vertex 5.5 0 11
      vertex 5.469870424525503 0.5749065479720941 11
      vertex 6.5 0 16
    endloop
  endfacet
  facet normal 0.9685591197000161 0.15340469409491148 -0.1958576816864144
    outer loop
      vertex 5.469870424525503 0.5749065479720941 11
      vertex 5.379811804035931 1.1435142994976764 11
      vertex 6.4643923198937765 0.6794350112397476 16
    endloop
  endfacet
  facet normal 0.9472180945685 0.25380632349577775 -0.19585768168641432
    outer loop
      vertex 5.379811804035931 1.1435142994976764 11
      vertex 5.230810839623344 1.6995934690622108 11
      vertex 6.357959404769737 1.3514259903154358 16
    endloop
  endfacet
  facet normal 0.9792884084320717 0.051322330763548994 -0.1958576816864144
    outer loop
      vertex 5.469870424525503 0.5749065479720941 11
      vertex 6.4643923198937765 0.6794350112397476 16
      vertex 6.5 0 16
    endloop
  endfacet
  facet normal 0 0 1
    outer loop
      vertex 6.4643923198937765 -0.6794350112397476 16
      vertex 6.5 0 16
      vertex 6.4643923198937765 0.6794350112397476 16
    endloop
  endfacet
  facet normal 0 0 1
    outer loop
      vertex 6.4643923198937765 -0.6794350112397476 16
      vertex 6.4643923198937765 0.6794350112397476 16
      vertex 6.357959404769737 1.3514259903154358 16
    endloop
  endfacet
  facet normal 0 0 1
    outer loop
      vertex 6.357959404769737 -1.3514259903154358 16
      vertex 6.357959404769737 1.3514259903154358 16
      vertex 6.181867355918498 2.008610463437158 16
    endloop
  endfacet
  facet normal 0 0 1
    outer loop
      vertex 6.181867355918498 -2.008610463437158 16
      vertex 6.181867355918498 2.008610463437158 16
      vertex 5.938045474676906 2.6437881799927014 16
    endloop
  endfacet
  facet normal 0.9685591197000158 0.1534046940949118 -0.19585768168641435
    outer loop
      vertex 5.379811804035931 1.1435142994976764 11
      vertex 6.357959404769737 1.3514259903154358 16
      vertex 6.4643923198937765 0.6794350112397476 16
    endloop
  endfacet
  facet normal 0.9472180945685 0.25380632349577764 -0.19585768168641435
    outer loop
      vertex 5.230810839623344 1.6995934690622108 11
      vertex 6.181867355918498 2.008610463437158 16
      vertex 6.357959404769737 1.3514259903154358 16
    endloop
  endfacet
  facet normal 0 0 1
    outer loop
      vertex 5.938045474676906 -2.6437881799927014 16
      vertex 5.938045474676906 2.6437881799927014 16
      vertex 5.629165124598851 3.25 16
    endloop
  endfacet
  facet normal 0.9154991497747631 0.3514271977040326 -0.1958576816864144
    outer loop
      vertex 5.024500017034304 2.2370515369169013 11
      vertex 5.938045474676906 2.6437881799927014 16
      vertex 6.181867355918498 2.008610463437158 16
    endloop
  endfacet
  facet normal 0.6934117710727238 0.6934117710727238 -0.1958576816864145
    outer loop
      vertex 3.6802183349737203 4.087296540125668 11
      vertex 4.830441365603063 4.349348941332579 16
      vertex 4.087296540125668 3.6802183349737203 11
    endloop
  endfacet
  facet normal 0.6934117710727238 0.6934117710727239 -0.19585768168641446
    outer loop
      vertex 3.6802183349737203 4.087296540125668 11
      vertex 4.349348941332579 4.830441365603063 16
      vertex 4.830441365603063 4.349348941332579 16
    endloop
  endfacet
  facet normal 0.617131921995982 0.7620944556798511 -0.19585768168641451
    outer loop
      vertex 3.6802183349737203 4.087296540125668 11
      vertex 3.8206041399010755 5.258610463437158 16
      vertex 4.349348941332579 4.830441365603063 16
    endloop
  endfacet
  facet normal 0.7620944556798511 0.617131921995982 -0.19585768168641451
    outer loop
      vertex 4.087296540125668 3.6802183349737203 11
      vertex 4.830441365603063 4.349348941332579 16
      vertex 5.258610463437158 3.8206041399010755 16
    endloop
  endfacet
  facet normal 0.8386705679454245 0.5446390350150264 0
    outer loop
      vertex -2.912461179749811 -2.1160269082529033 0
      vertex -3.117691453623979 -1.8 0
      vertex -3.117691453623979 -1.8 16
    endloop
  endfacet
  facet normal 0.7771459614569709 0.6293203910498374 0
    outer loop
      vertex -2.6753213717186193 -2.40887018289189 0
      vertex -2.912461179749811 -2.1160269082529033 0
      vertex -2.912461179749811 -2.1160269082529033 16
    endloop
  endfacet
  facet normal 0.5446390350150264 0.8386705679454245 0
    outer loop
      vertex -2.1160269082529033 -2.912461179749811 0
      vertex -2.1160269082529033 -2.912461179749811 16
      vertex -1.8 -3.117691453623979 0
    endloop
  endfacet
  facet normal 0.7071067811865475 0.7071067811865475 0
    outer loop
      vertex -2.40887018289189 -2.6753213717186193 0
      vertex -2.6753213717186193 -2.40887018289189 0
      vertex -2.6753213717186193 -2.40887018289189 16
    endloop
  endfacet
  facet normal 0.6293203910498374 0.7771459614569709 0
    outer loop
      vertex -2.1160269082529033 -2.912461179749811 0
      vertex -2.40887018289189 -2.6753213717186193 0
      vertex -2.40887018289189 -2.6753213717186193 16
    endloop
  endfacet
  facet normal 0.9335804264972019 0.35836794954529994 0
    outer loop
      vertex -3.2887636475133633 -1.4642519150728808 0
      vertex -3.4238034586625528 -1.1124611797498107 0
      vertex -3.4238034586625528 -1.1124611797498107 16
    endloop
  endfacet
  facet normal 0.8910065241883677 0.453990499739547 0
    outer loop
      vertex -3.117691453623979 -1.8 0
      vertex -3.2887636475133633 -1.4642519150728808 0
      vertex -3.2887636475133633 -1.4642519150728808 16
    endloop
  endfacet
  facet normal 0.9876883405951379 0.15643446504022948 0
    outer loop
      vertex -3.5213313626417007 -0.7484820869439337 0
      vertex -3.580278823325784 -0.37630246776355253 0
      vertex -3.580278823325784 -0.37630246776355253 16
    endloop
  endfacet
  facet normal 0.965925826289068 0.25881904510252196 0
    outer loop
      vertex -3.4238034586625528 -1.1124611797498107 0
      vertex -3.5213313626417007 -0.7484820869439337 0
      vertex -3.5213313626417007 -0.7484820869439337 16
    endloop
  endfacet
  facet normal 0.9986295347545738 0.052335956242944515 0
    outer loop
      vertex -3.580278823325784 -0.37630246776355253 0
      vertex -3.6 0 0
      vertex -3.6 0 16
    endloop
  endfacet
  facet normal 0.453990499739547 0.8910065241883677 0
    outer loop
      vertex -1.8 -3.117691453623979 0
      vertex -1.8 -3.117691453623979 16
      vertex -1.4642519150728808 -3.2887636475133633 0
    endloop
  endfacet
  facet normal 0.35836794954529994 0.9335804264972019 0
    outer loop
      vertex -1.4642519150728808 -3.2887636475133633 0
      vertex -1.4642519150728808 -3.2887636475133633 16
      vertex -1.1124611797498107 -3.4238034586625528 0
    endloop
  endfacet
  facet normal 0.25881904510252196 0.965925826289068 0
    outer loop
      vertex -1.1124611797498107 -3.4238034586625528 0
      vertex -1.1124611797498107 -3.4238034586625528 16
      vertex -0.7484820869439337 -3.5213313626417007 0
    endloop
  endfacet
  facet normal 0.15643446504022948 0.9876883405951379 0
    outer loop
      vertex -0.7484820869439337 -3.5213313626417007 0
      vertex -0.7484820869439337 -3.5213313626417007 16
      vertex -0.37630246776355253 -3.580278823325784 0
    endloop
  endfacet
  facet normal 0.052335956242944515 0.9986295347545738 0
    outer loop
      vertex -0.37630246776355253 -3.580278823325784 0
      vertex -0.37630246776355253 -3.580278823325784 16
      vertex 0 -3.6 0
    endloop
  endfacet
  facet normal 0.8386705679454245 0.5446390350150264 0
    outer loop
      vertex -2.912461179749811 -2.1160269082529033 0
      vertex -3.117691453623979 -1.8 16
      vertex -2.912461179749811 -2.1160269082529033 16
    endloop
  endfacet
  facet normal 0.6293203910498374 0.7771459614569709 0
    outer loop
      vertex -2.1160269082529033 -2.912461179749811 0
      vertex -2.40887018289189 -2.6753213717186193 16
      vertex -2.1160269082529033 -2.912461179749811 16
    endloop
  endfacet
  facet normal 0.5446390350150264 0.8386705679454245 0
    outer loop
      vertex -1.8 -3.117691453623979 0
      vertex -2.1160269082529033 -2.912461179749811 16
      vertex -1.8 -3.117691453623979 16
    endloop
  endfacet
  facet normal 0.7071067811865475 0.7071067811865475 0
    outer loop
      vertex -2.6753213717186193 -2.40887018289189 16
      vertex -2.40887018289189 -2.6753213717186193 16
      vertex -2.40887018289189 -2.6753213717186193 0
    endloop
  endfacet
  facet normal 0.7771459614569709 0.6293203910498374 0
    outer loop
      vertex -2.912461179749811 -2.1160269082529033 16
      vertex -2.6753213717186193 -2.40887018289189 16
      vertex -2.6753213717186193 -2.40887018289189 0
    endloop
  endfacet
  facet normal 0.9335804264972019 0.35836794954529994 0
    outer loop
      vertex -3.2887636475133633 -1.4642519150728808 0
      vertex -3.4238034586625528 -1.1124611797498107 16
      vertex -3.2887636475133633 -1.4642519150728808 16
    endloop
  endfacet
  facet normal 0.965925826289068 0.25881904510252196 0
    outer loop
      vertex -3.5213313626417007 -0.7484820869439337 16
      vertex -3.4238034586625528 -1.1124611797498107 16
      vertex -3.4238034586625528 -1.1124611797498107 0
    endloop
  endfacet
  facet normal 0.8910065241883677 0.453990499739547 0
    outer loop
      vertex -3.2887636475133633 -1.4642519150728808 16
      vertex -3.117691453623979 -1.8 16
      vertex -3.117691453623979 -1.8 0
    endloop
  endfacet
  facet normal 0.9876883405951379 0.15643446504022948 0
    outer loop
      vertex -3.5213313626417007 -0.7484820869439337 0
      vertex -3.580278823325784 -0.37630246776355253 16
      vertex -3.5213313626417007 -0.7484820869439337 16
    endloop
  endfacet
  facet normal 0.9986295347545738 0.052335956242944515 0
    outer loop
      vertex -3.580278823325784 -0.37630246776355253 0
      vertex -3.6 0 16
      vertex -3.580278823325784 -0.37630246776355253 16
    endloop
  endfacet
  facet normal 0.453990499739547 0.8910065241883677 0
    outer loop
      vertex -1.4642519150728808 -3.2887636475133633 0
      vertex -1.8 -3.117691453623979 16
      vertex -1.4642519150728808 -3.2887636475133633 16
    endloop
  endfacet
  facet normal 0.35836794954529994 0.9335804264972019 0
    outer loop
      vertex -1.1124611797498107 -3.4238034586625528 0
      vertex -1.4642519150728808 -3.2887636475133633 16
      vertex -1.1124611797498107 -3.4238034586625528 16
    endloop
  endfacet
  facet normal 0.25881904510252196 0.965925826289068 0
    outer loop
      vertex -0.7484820869439337 -3.5213313626417007 0
      vertex -1.1124611797498107 -3.4238034586625528 16
      vertex -0.7484820869439337 -3.5213313626417007 16
    endloop
  endfacet
  facet normal 0.15643446504022948 0.9876883405951379 0
    outer loop
      vertex -0.37630246776355253 -3.580278823325784 0
      vertex -0.7484820869439337 -3.5213313626417007 16
      vertex -0.37630246776355253 -3.580278823325784 16
    endloop
  endfacet
  facet normal 0.052335956242944515 0.9986295347545738 0
    outer loop
      vertex 0 -3.6 0
      vertex -0.37630246776355253 -3.580278823325784 16
      vertex 0 -3.6 16
    endloop
  endfacet
  facet normal 0.9986295347545738 -0.052335956242944515 0
    outer loop
      vertex -3.6 0 0
      vertex -3.580278823325784 0.37630246776355253 0
      vertex -3.580278823325784 0.37630246776355253 16
    endloop
  endfacet
  facet normal 0.9876883405951379 -0.15643446504022948 0
    outer loop
      vertex -3.580278823325784 0.37630246776355253 0
      vertex -3.5213313626417007 0.7484820869439337 0
      vertex -3.5213313626417007 0.7484820869439337 16
    endloop
  endfacet
  facet normal 0.965925826289068 -0.25881904510252196 0
    outer loop
      vertex -3.5213313626417007 0.7484820869439337 0
      vertex -3.4238034586625528 1.1124611797498107 0
      vertex -3.4238034586625528 1.1124611797498107 16
    endloop
  endfacet
  facet normal 0.9335804264972019 -0.35836794954529994 0
    outer loop
      vertex -3.4238034586625528 1.1124611797498107 0
      vertex -3.2887636475133633 1.4642519150728808 0
      vertex -3.2887636475133633 1.4642519150728808 16
    endloop
  endfacet
  facet normal 0.8910065241883677 -0.453990499739547 0
    outer loop
      vertex -3.117691453623979 1.8 16
      vertex -3.2887636475133633 1.4642519150728808 0
      vertex -3.117691453623979 1.8 0
    endloop
  endfacet
  facet normal 0.8386705679454245 -0.5446390350150264 0
    outer loop
      vertex -3.117691453623979 1.8 0
      vertex -2.912461179749811 2.1160269082529033 0
      vertex -2.912461179749811 2.1160269082529033 16
    endloop
  endfacet
  facet normal 0.7771459614569709 -0.6293203910498374 0
    outer loop
      vertex -2.912461179749811 2.1160269082529033 0
      vertex -2.6753213717186193 2.40887018289189 0
      vertex -2.6753213717186193 2.40887018289189 16
    endloop
  endfacet
  facet normal 0.7071067811865475 -0.7071067811865475 0
    outer loop
      vertex -2.6753213717186193 2.40887018289189 0
      vertex -2.40887018289189 2.6753213717186193 0
      vertex -2.40887018289189 2.6753213717186193 16
    endloop
  endfacet
  facet normal 0.6293203910498374 -0.7771459614569709 0
    outer loop
      vertex -2.1160269082529033 2.912461179749811 0
      vertex -2.1160269082529033 2.912461179749811 16
      vertex -2.40887018289189 2.6753213717186193 0
    endloop
  endfacet
  facet normal 0.5446390350150264 -0.8386705679454245 0
    outer loop
      vertex -1.8 3.117691453623979 0
      vertex -1.8 3.117691453623979 16
      vertex -2.1160269082529033 2.912461179749811 0
    endloop
  endfacet
  facet normal 0.453990499739547 -0.8910065241883677 0
    outer loop
      vertex -1.4642519150728808 3.2887636475133633 0
      vertex -1.4642519150728808 3.2887636475133633 16
      vertex -1.8 3.117691453623979 0
    endloop
  endfacet
  facet normal 0.35836794954529994 -0.9335804264972019 0
    outer loop
      vertex -1.1124611797498107 3.4238034586625528 0
      vertex -1.1124611797498107 3.4238034586625528 16
      vertex -1.4642519150728808 3.2887636475133633 0
    endloop
  endfacet
  facet normal 0.25881904510252196 -0.965925826289068 0
    outer loop
      vertex -0.7484820869439337 3.5213313626417007 0
      vertex -0.7484820869439337 3.5213313626417007 16
      vertex -1.1124611797498107 3.4238034586625528 0
    endloop
  endfacet
  facet normal 0.15643446504022948 -0.9876883405951379 0
    outer loop
      vertex -0.37630246776355253 3.580278823325784 0
      vertex -0.37630246776355253 3.580278823325784 16
      vertex -0.7484820869439337 3.5213313626417007 0
    endloop
  endfacet
  facet normal 0.052335956242944515 -0.9986295347545738 0
    outer loop
      vertex -0.37630246776355253 3.580278823325784 0
      vertex 0 3.6 0
      vertex 0 3.6 16
    endloop
  endfacet
  facet normal 0.9986295347545738 -0.052335956242944515 0
    outer loop
      vertex -3.6 0 0
      vertex -3.580278823325784 0.37630246776355253 16
      vertex -3.6 0 16
    endloop
  endfacet
  facet normal 0.9876883405951379 -0.15643446504022948 0
    outer loop
      vertex -3.5213313626417007 0.7484820869439337 16
      vertex -3.580278823325784 0.37630246776355253 16
      vertex -3.580278823325784 0.37630246776355253 0
    endloop
  endfacet
  facet normal 0.965925826289068 -0.25881904510252196 0
    outer loop
      vertex -3.5213313626417007 0.7484820869439337 0
      vertex -3.4238034586625528 1.1124611797498107 16
      vertex -3.5213313626417007 0.7484820869439337 16
    endloop
  endfacet
  facet normal 0.9335804264972019 -0.35836794954529994 0
    outer loop
      vertex -3.4238034586625528 1.1124611797498107 0
      vertex -3.2887636475133633 1.4642519150728808 16
      vertex -3.4238034586625528 1.1124611797498107 16
    endloop
  endfacet
  facet normal 0.8910065241883677 -0.453990499739547 0
    outer loop
      vertex -3.117691453623979 1.8 16
      vertex -3.2887636475133633 1.4642519150728808 16
      vertex -3.2887636475133633 1.4642519150728808 0
    endloop
  endfacet
  facet normal 0.8386705679454245 -0.5446390350150264 0
    outer loop
      vertex -2.912461179749811 2.1160269082529033 16
      vertex -3.117691453623979 1.8 16
      vertex -3.117691453623979 1.8 0
    endloop
  endfacet
  facet normal 0.7771459614569709 -0.6293203910498374 0
    outer loop
      vertex -2.912461179749811 2.1160269082529033 0
      vertex -2.6753213717186193 2.40887018289189 16
      vertex -2.912461179749811 2.1160269082529033 16
    endloop
  endfacet
  facet normal 0.7071067811865475 -0.7071067811865475 0
    outer loop
      vertex -2.40887018289189 2.6753213717186193 16
      vertex -2.6753213717186193 2.40887018289189 16
      vertex -2.6753213717186193 2.40887018289189 0
    endloop
  endfacet
  facet normal 0.6293203910498374 -0.7771459614569709 0
    outer loop
      vertex -2.40887018289189 2.6753213717186193 0
      vertex -2.1160269082529033 2.912461179749811 16
      vertex -2.40887018289189 2.6753213717186193 16
    endloop
  endfacet
  facet normal 0.5446390350150264 -0.8386705679454245 0
    outer loop
      vertex -2.1160269082529033 2.912461179749811 0
      vertex -1.8 3.117691453623979 16
      vertex -2.1160269082529033 2.912461179749811 16
    endloop
  endfacet
  facet normal 0.453990499739547 -0.8910065241883677 0
    outer loop
      vertex -1.8 3.117691453623979 0
      vertex -1.4642519150728808 3.2887636475133633 16
      vertex -1.8 3.117691453623979 16
    endloop
  endfacet
  facet normal 0.35836794954529994 -0.9335804264972019 0
    outer loop
      vertex -1.4642519150728808 3.2887636475133633 0
      vertex -1.1124611797498107 3.4238034586625528 16
      vertex -1.4642519150728808 3.2887636475133633 16
    endloop
  endfacet
  facet normal 0.25881904510252196 -0.965925826289068 0
    outer loop
      vertex -1.1124611797498107 3.4238034586625528 0
      vertex -0.7484820869439337 3.5213313626417007 16
      vertex -1.1124611797498107 3.4238034586625528 16
    endloop
  endfacet
  facet normal 0.15643446504022948 -0.9876883405951379 0
    outer loop
      vertex -0.7484820869439337 3.5213313626417007 0
      vertex -0.37630246776355253 3.580278823325784 16
      vertex -0.7484820869439337 3.5213313626417007 16
    endloop
  endfacet
  facet normal 0.052335956242944515 -0.9986295347545738 0
    outer loop
      vertex 0 3.6 16
      vertex -0.37630246776355253 3.580278823325784 16
      vertex -0.37630246776355253 3.580278823325784 0
    endloop
  endfacet
  facet normal -0.052335956242944515 0.9986295347545738 0
    outer loop
      vertex 0 -3.6 16
      vertex 0.37630246776355253 -3.580278823325784 0
      vertex 0 -3.6 0
    endloop
  endfacet
  facet normal -0.15643446504022948 0.9876883405951379 0
    outer loop
      vertex 0.37630246776355253 -3.580278823325784 0
      vertex 0.37630246776355253 -3.580278823325784 16
      vertex 0.7484820869439337 -3.5213313626417007 0
    endloop
  endfacet
  facet normal -0.25881904510252196 0.965925826289068 0
    outer loop
      vertex 0.7484820869439337 -3.5213313626417007 16
      vertex 1.1124611797498107 -3.4238034586625528 0
      vertex 0.7484820869439337 -3.5213313626417007 0
    endloop
  endfacet
  facet normal -0.35836794954529994 0.9335804264972019 0
    outer loop
      vertex 1.1124611797498107 -3.4238034586625528 0
      vertex 1.1124611797498107 -3.4238034586625528 16
      vertex 1.4642519150728808 -3.2887636475133633 0
    endloop
  endfacet
  facet normal -0.453990499739547 0.8910065241883677 0
    outer loop
      vertex 1.4642519150728808 -3.2887636475133633 16
      vertex 1.8 -3.117691453623979 0
      vertex 1.4642519150728808 -3.2887636475133633 0
    endloop
  endfacet
  facet normal -0.5446390350150264 0.8386705679454245 0
    outer loop
      vertex 1.8 -3.117691453623979 0
      vertex 1.8 -3.117691453623979 16
      vertex 2.1160269082529033 -2.912461179749811 0
    endloop
  endfacet
  facet normal -0.6293203910498374 0.7771459614569709 0
    outer loop
      vertex 2.1160269082529033 -2.912461179749811 0
      vertex 2.1160269082529033 -2.912461179749811 16
      vertex 2.40887018289189 -2.6753213717186193 0
    endloop
  endfacet
  facet normal -0.7071067811865475 0.7071067811865475 0
    outer loop
      vertex 2.40887018289189 -2.6753213717186193 0
      vertex 2.40887018289189 -2.6753213717186193 16
      vertex 2.6753213717186193 -2.40887018289189 0
    endloop
  endfacet
  facet normal -0.7771459614569709 0.6293203910498374 0
    outer loop
      vertex 2.912461179749811 -2.1160269082529033 0
      vertex 2.6753213717186193 -2.40887018289189 0
      vertex 2.6753213717186193 -2.40887018289189 16
    endloop
  endfacet
  facet normal -0.8386705679454245 0.5446390350150264 0
    outer loop
      vertex 3.117691453623979 -1.8 0
      vertex 2.912461179749811 -2.1160269082529033 0
      vertex 2.912461179749811 -2.1160269082529033 16
    endloop
  endfacet
  facet normal -0.8910065241883677 0.453990499739547 0
    outer loop
      vertex 3.2887636475133633 -1.4642519150728808 0
      vertex 3.117691453623979 -1.8 0
      vertex 3.117691453623979 -1.8 16
    endloop
  endfacet
  facet normal -0.9335804264972019 0.35836794954529994 0
    outer loop
      vertex 3.4238034586625528 -1.1124611797498107 0
      vertex 3.2887636475133633 -1.4642519150728808 0
      vertex 3.2887636475133633 -1.4642519150728808 16
    endloop
  endfacet
  facet normal -0.965925826289068 0.25881904510252196 0
    outer loop
      vertex 3.5213313626417007 -0.7484820869439337 0
      vertex 3.4238034586625528 -1.1124611797498107 0
      vertex 3.4238034586625528 -1.1124611797498107 16
    endloop
  endfacet
  facet normal -0.9876883405951379 0.15643446504022948 0
    outer loop
      vertex 3.5213313626417007 -0.7484820869439337 16
      vertex 3.580278823325784 -0.37630246776355253 0
      vertex 3.5213313626417007 -0.7484820869439337 0
    endloop
  endfacet
  facet normal -0.9986295347545738 0.052335956242944515 0
    outer loop
      vertex 3.580278823325784 -0.37630246776355253 0
      vertex 3.580278823325784 -0.37630246776355253 16
      vertex 3.6 0 0
    endloop
  endfacet
  facet normal -0.052335956242944515 0.9986295347545738 0
    outer loop
      vertex 0.37630246776355253 -3.580278823325784 0
      vertex 0 -3.6 16
      vertex 0.37630246776355253 -3.580278823325784 16
    endloop
  endfacet
  facet normal -0.15643446504022948 0.9876883405951379 0
    outer loop
      vertex 0.7484820869439337 -3.5213313626417007 16
      vertex 0.7484820869439337 -3.5213313626417007 0
      vertex 0.37630246776355253 -3.580278823325784 16
    endloop
  endfacet
  facet normal -0.25881904510252196 0.965925826289068 0
    outer loop
      vertex 1.1124611797498107 -3.4238034586625528 0
      vertex 0.7484820869439337 -3.5213313626417007 16
      vertex 1.1124611797498107 -3.4238034586625528 16
    endloop
  endfacet
  facet normal -0.35836794954529994 0.9335804264972019 0
    outer loop
      vertex 1.4642519150728808 -3.2887636475133633 16
      vertex 1.4642519150728808 -3.2887636475133633 0
      vertex 1.1124611797498107 -3.4238034586625528 16
    endloop
  endfacet
  facet normal -0.453990499739547 0.8910065241883677 0
    outer loop
      vertex 1.8 -3.117691453623979 0
      vertex 1.4642519150728808 -3.2887636475133633 16
      vertex 1.8 -3.117691453623979 16
    endloop
  endfacet
  facet normal -0.5446390350150264 0.8386705679454245 0
    outer loop
      vertex 2.1160269082529033 -2.912461179749811 0
      vertex 1.8 -3.117691453623979 16
      vertex 2.1160269082529033 -2.912461179749811 16
    endloop
  endfacet
  facet normal -0.6293203910498374 0.7771459614569709 0
    outer loop
      vertex 2.40887018289189 -2.6753213717186193 0
      vertex 2.1160269082529033 -2.912461179749811 16
      vertex 2.40887018289189 -2.6753213717186193 16
    endloop
  endfacet
  facet normal -0.7071067811865475 0.7071067811865475 0
    outer loop
      vertex 2.40887018289189 -2.6753213717186193 16
      vertex 2.6753213717186193 -2.40887018289189 16
      vertex 2.6753213717186193 -2.40887018289189 0
    endloop
  endfacet
  facet normal -0.7771459614569709 0.6293203910498374 0
    outer loop
      vertex 2.6753213717186193 -2.40887018289189 16
      vertex 2.912461179749811 -2.1160269082529033 16
      vertex 2.912461179749811 -2.1160269082529033 0
    endloop
  endfacet
  facet normal -0.8386705679454245 0.5446390350150264 0
    outer loop
      vertex 2.912461179749811 -2.1160269082529033 16
      vertex 3.117691453623979 -1.8 16
      vertex 3.117691453623979 -1.8 0
    endloop
  endfacet
  facet normal -0.8910065241883677 0.453990499739547 0
    outer loop
      vertex 3.117691453623979 -1.8 16
      vertex 3.2887636475133633 -1.4642519150728808 16
      vertex 3.2887636475133633 -1.4642519150728808 0
    endloop
  endfacet
  facet normal -0.9335804264972019 0.35836794954529994 0
    outer loop
      vertex 3.4238034586625528 -1.1124611797498107 0
      vertex 3.2887636475133633 -1.4642519150728808 16
      vertex 3.4238034586625528 -1.1124611797498107 16
    endloop
  endfacet
  facet normal -0.965925826289068 0.25881904510252196 0
    outer loop
      vertex 3.4238034586625528 -1.1124611797498107 16
      vertex 3.5213313626417007 -0.7484820869439337 16
      vertex 3.5213313626417007 -0.7484820869439337 0
    endloop
  endfacet
  facet normal -0.9876883405951379 0.15643446504022948 0
    outer loop
      vertex 3.5213313626417007 -0.7484820869439337 16
      vertex 3.580278823325784 -0.37630246776355253 16
      vertex 3.580278823325784 -0.37630246776355253 0
    endloop
  endfacet
  facet normal -0.9986295347545738 0.052335956242944515 0
    outer loop
      vertex 3.6 0 0
      vertex 3.580278823325784 -0.37630246776355253 16
      vertex 3.6 0 16
    endloop
  endfacet
  facet normal -0.052335956242944515 -0.9986295347545738 0
    outer loop
      vertex 0.37630246776355253 3.580278823325784 0
      vertex 0.37630246776355253 3.580278823325784 16
      vertex 0 3.6 0
    endloop
  endfacet
  facet normal -0.15643446504022948 -0.9876883405951379 0
    outer loop
      vertex 0.7484820869439337 3.5213313626417007 16
      vertex 0.37630246776355253 3.580278823325784 0
      vertex 0.7484820869439337 3.5213313626417007 0
    endloop
  endfacet
  facet normal -0.25881904510252196 -0.965925826289068 0
    outer loop
      vertex 1.1124611797498107 3.4238034586625528 0
      vertex 1.1124611797498107 3.4238034586625528 16
      vertex 0.7484820869439337 3.5213313626417007 0
    endloop
  endfacet
  facet normal -0.35836794954529994 -0.9335804264972019 0
    outer loop
      vertex 1.4642519150728808 3.2887636475133633 16
      vertex 1.1124611797498107 3.4238034586625528 0
      vertex 1.4642519150728808 3.2887636475133633 0
    endloop
  endfacet
  facet normal -0.453990499739547 -0.8910065241883677 0
    outer loop
      vertex 1.8 3.117691453623979 0
      vertex 1.8 3.117691453623979 16
      vertex 1.4642519150728808 3.2887636475133633 0
    endloop
  endfacet
  facet normal -0.9986295347545738 -0.052335956242944515 0
    outer loop
      vertex 3.6 0 0
      vertex 3.6 0 16
      vertex 3.580278823325784 0.37630246776355253 0
    endloop
  endfacet
  facet normal -0.965925826289068 -0.25881904510252196 0
    outer loop
      vertex 3.4238034586625528 1.1124611797498107 0
      vertex 3.5213313626417007 0.7484820869439337 0
      vertex 3.5213313626417007 0.7484820869439337 16
    endloop
  endfacet
  facet normal -0.9876883405951379 -0.15643446504022948 0
    outer loop
      vertex 3.5213313626417007 0.7484820869439337 0
      vertex 3.580278823325784 0.37630246776355253 0
      vertex 3.580278823325784 0.37630246776355253 16
    endloop
  endfacet
  facet normal -0.8910065241883677 -0.453990499739547 0
    outer loop
      vertex 3.117691453623979 1.8 0
      vertex 3.2887636475133633 1.4642519150728808 0
      vertex 3.2887636475133633 1.4642519150728808 16
    endloop
  endfacet
  facet normal -0.9335804264972019 -0.35836794954529994 0
    outer loop
      vertex 3.2887636475133633 1.4642519150728808 0
      vertex 3.4238034586625528 1.1124611797498107 0
      vertex 3.4238034586625528 1.1124611797498107 16
    endloop
  endfacet
  facet normal -0.6293203910498374 -0.7771459614569709 0
    outer loop
      vertex 2.40887018289189 2.6753213717186193 0
      vertex 2.40887018289189 2.6753213717186193 16
      vertex 2.1160269082529033 2.912461179749811 0
    endloop
  endfacet
  facet normal -0.7071067811865475 -0.7071067811865475 0
    outer loop
      vertex 2.40887018289189 2.6753213717186193 0
      vertex 2.6753213717186193 2.40887018289189 0
      vertex 2.6753213717186193 2.40887018289189 16
    endloop
  endfacet
  facet normal -0.5446390350150264 -0.8386705679454245 0
    outer loop
      vertex 2.1160269082529033 2.912461179749811 0
      vertex 2.1160269082529033 2.912461179749811 16
      vertex 1.8 3.117691453623979 0
    endloop
  endfacet
  facet normal -0.7771459614569709 -0.6293203910498374 0
    outer loop
      vertex 2.6753213717186193 2.40887018289189 0
      vertex 2.912461179749811 2.1160269082529033 0
      vertex 2.912461179749811 2.1160269082529033 16
    endloop
  endfacet
  facet normal -0.8386705679454245 -0.5446390350150264 0
    outer loop
      vertex 2.912461179749811 2.1160269082529033 0
      vertex 3.117691453623979 1.8 0
      vertex 3.117691453623979 1.8 16
    endloop
  endfacet
  facet normal -0.052335956242944515 -0.9986295347545738 0
    outer loop
      vertex 0 3.6 0
      vertex 0.37630246776355253 3.580278823325784 16
      vertex 0 3.6 16
    endloop
  endfacet
  facet normal -0.15643446504022948 -0.9876883405951379 0
    outer loop
      vertex 0.37630246776355253 3.580278823325784 0
      vertex 0.7484820869439337 3.5213313626417007 16
      vertex 0.37630246776355253 3.580278823325784 16
    endloop
  endfacet
  facet normal -0.25881904510252196 -0.965925826289068 0
    outer loop
      vertex 0.7484820869439337 3.5213313626417007 16
      vertex 0.7484820869439337 3.5213313626417007 0
      vertex 1.1124611797498107 3.4238034586625528 16
    endloop
  endfacet
  facet normal -0.35836794954529994 -0.9335804264972019 0
    outer loop
      vertex 1.1124611797498107 3.4238034586625528 0
      vertex 1.4642519150728808 3.2887636475133633 16
      vertex 1.1124611797498107 3.4238034586625528 16
    endloop
  endfacet
  facet normal -0.453990499739547 -0.8910065241883677 0
    outer loop
      vertex 1.4642519150728808 3.2887636475133633 16
      vertex 1.4642519150728808 3.2887636475133633 0
      vertex 1.8 3.117691453623979 16
    endloop
  endfacet
  facet normal -0.9986295347545738 -0.052335956242944515 0
    outer loop
      vertex 3.580278823325784 0.37630246776355253 0
      vertex 3.6 0 16
      vertex 3.580278823325784 0.37630246776355253 16
    endloop
  endfacet
  facet normal -0.9876883405951379 -0.15643446504022948 0
    outer loop
      vertex 3.5213313626417007 0.7484820869439337 0
      vertex 3.580278823325784 0.37630246776355253 16
      vertex 3.5213313626417007 0.7484820869439337 16
    endloop
  endfacet
  facet normal -0.8910065241883677 -0.453990499739547 0
    outer loop
      vertex 3.2887636475133633 1.4642519150728808 16
      vertex 3.117691453623979 1.8 16
      vertex 3.117691453623979 1.8 0
    endloop
  endfacet
  facet normal -0.965925826289068 -0.25881904510252196 0
    outer loop
      vertex 3.5213313626417007 0.7484820869439337 16
      vertex 3.4238034586625528 1.1124611797498107 16
      vertex 3.4238034586625528 1.1124611797498107 0
    endloop
  endfacet
  facet normal -0.9335804264972019 -0.35836794954529994 0
    outer loop
      vertex 3.2887636475133633 1.4642519150728808 0
      vertex 3.4238034586625528 1.1124611797498107 16
      vertex 3.2887636475133633 1.4642519150728808 16
    endloop
  endfacet
  facet normal -0.7771459614569709 -0.6293203910498374 0
    outer loop
      vertex 2.912461179749811 2.1160269082529033 16
      vertex 2.6753213717186193 2.40887018289189 16
      vertex 2.6753213717186193 2.40887018289189 0
    endloop
  endfacet
  facet normal -0.7071067811865475 -0.7071067811865475 0
    outer loop
      vertex 2.6753213717186193 2.40887018289189 16
      vertex 2.40887018289189 2.6753213717186193 16
      vertex 2.40887018289189 2.6753213717186193 0
    endloop
  endfacet
  facet normal -0.5446390350150264 -0.8386705679454245 0
    outer loop
      vertex 1.8 3.117691453623979 0
      vertex 2.1160269082529033 2.912461179749811 16
      vertex 1.8 3.117691453623979 16
    endloop
  endfacet
  facet normal -0.6293203910498374 -0.7771459614569709 0
    outer loop
      vertex 2.1160269082529033 2.912461179749811 0
      vertex 2.40887018289189 2.6753213717186193 16
      vertex 2.1160269082529033 2.912461179749811 16
    endloop
  endfacet
  facet normal -0.8386705679454245 -0.5446390350150264 0
    outer loop
      vertex 2.912461179749811 2.1160269082529033 0
      vertex 3.117691453623979 1.8 16
      vertex 2.912461179749811 2.1160269082529033 16
    endloop
  endfacet
endsolid OpenSCAD_Model
